text,label
"Ana caddenin yarısı karanlık yürümek korkutucu, ayrıca karanlıkta gencler toplanıyor güvensiz",Sokak Aydınlatması
akşam olunca her yer zifiri karanlık. Bir an önce ilgilenilsin.,Sokak Aydınlatması
KOSEDEKI BAKKALIN ONUNDE INSAAT HER GUN GECE GEC SAATE KADAR CALISIYOR.,Gürültü ve Çevre Kirliliği
"Geri dönüşüm kutuları aylardır boşaltılmıyor, ayrıca çöp konteynerleri ağzına kadar dolmuş taşıyor.",Çöp ve Temizlik
"Park bakımsız her yer çöp ve cam kırığı, ayrıca çocuk parkındaki salıncaklar kırık tehlikeli.",Park ve Yeşil Alan
Moloz dökülen alan toz ve koku saçıyor.,Gürültü ve Çevre Kirliliği
"Yaya geçidi silinmiş hiç görünmüyor, yaşanmıyor artık. Çözülmesini bekliyoruz",Yol ve Kaldırım
Sefer saatleri tutmuyor saatlece bekliyoruz. Şimdiden teşekkürler.,Toplu Ulaşım
minibüsler tıka basa dolu binilmiyor. Gereğinin yapılmasını rica ederim,Toplu Ulaşım
Atık konteyneri yanlış yere konmuşşş kapımızı kapatıor. Çözülmesini bekliyoruz.,Çöp ve Temizlik
"Allah aşkına, ölü bir hayvan var günlerdir kaldıran yok. Acil çözün şunu",Başıboş Hayvanlar
sokağımızda çöpler birikti leş gibi kokuyor.,Çöp ve Temizlik
"pes yani, Caminin arka sokağında sorun var; konteyner kırılmış çöpler etrafa saçılıyor.",Çöp ve Temizlik
bizim mahallede sorun var; bordür taşları çıkmış ayağımız takılıyor.,Yol ve Kaldırım
"Bıktık artık, okul yolunda ışık yok çocuklar korkuyor.",Sokak Aydınlatması
Ağaçlar budanmamış dallar sarkıyor,Park ve Yeşil Alan
Yahu geceleri havlamalar her gün uyutmuyor.,Başıboş Hayvanlar
Mahallemizde sorun var; su sayaci arizali fatura uctu.,Su ve Kanalizasyon
"PES YANI, ARA SOKAKTA SORUN VAR; ÇITLER KIRIK PARK SOKAĞA AÇILMIŞ TEHLIKELI",Park ve Yeşil Alan
cocukkk parkının yanında fareler türedi çünkü çöpler ortada,Çöp ve Temizlik
"Yeşil alan akşamları sulanmıyor çimler kurudu, böyle olmaz ki. Şimdiden teşekkürler.",Park ve Yeşil Alan
Yahu otobüs çok eski sürekli arızalanıyor.,Toplu Ulaşım
akşam olunca her yer zifiri karanlık. Şimdiden teşekkürler.,Sokak Aydınlatması
"Ya artık yeter, evimizin tam önünde başıboş köpekler bir aydır korku saçıyor",Başıboş Hayvanlar
"elektrik diregi yana yatmis isik da yok, kimse ilgilenmiyor. Bu kadarina da pes!",Sokak Aydınlatması
Cocuk parkının yanında fareler türedi çünkü çöpler ortada. Bir an önce ilgilenilsin.,Çöp ve Temizlik
"Bıktık artık, sürü halinde köpekler çocuklara havlıyor.",Başıboş Hayvanlar
"Valla bıktık, ara sokakta köpekler peşimize takılıyor korkuyoruz. Ne zaman çözeceksiniz?",Başıboş Hayvanlar
"Of ya, otobüs seferleri akşam çok seyrek, ayrıca sokağımızda yeni mahalleye ulaşım yok.",Toplu Ulaşım
"rezalet. bordür taşları çıkmış ayağımız takılıyor, ayrıca bordür taşları çıkmış ayağımız takılıyor.",Yol ve Kaldırım
"bakın, rögar tıkanmış yağmur suyu çekilmiyor.",Su ve Kanalizasyon
konteyner kırılmış çöpler etrafa saçılıyor.,Çöp ve Temizlik
"Ana cadde uzerinde inşaat aylardır gece geç saate kadar çalşıyor, ayrıca site girişinde hurdacılar sabaha karşı gürültü yapıyor.",Gürültü ve Çevre Kirliliği
"açık alanda atık yakılıyor koku dayanılmaz, ayrıca kafelerin masaları geceleri çok gürültülü.",Gürültü ve Çevre Kirliliği
Konteyner kırılmış çöpler etrafa saçılıyor,Çöp ve Temizlik
yaralı bir hayvan var ilgilenen yok.,Başıboş Hayvanlar
Okul servisi gibi otobüs sabah hep dolu geliyor.,Toplu Ulaşım
"Valla bıktık, otobüs çok eski sürekli arızalanıyor. Artık bir şey yapın!",Toplu Ulaşım
Geri dönüşüm kutuları aylardır boşaltılmıyor. Artık bir şey yapın,Çöp ve Temizlik
Yolun ortasında koca bir çukur açıldı.,Yol ve Kaldırım
"Bıktık artık, yeşil alan haftalardır sulanmıyor çimler kurudu, ayrca oyun grubunun zemini bozuk çocuklar düşüyor.",Park ve Yeşil Alan
Yagmurdaa yol gole donuyor su birikiyor. Gereginin yapilmasini rica ederim.,Yol ve Kaldırım
"Ya artık yeter, sanayi atıkları dereye boşaltılıyor. Artık bir şey yapın!",Gürültü ve Çevre Kirliliği
"yeter ama, metro cikisinda su basinci cok dusukkk su gelmiyor. Vergimizi ne icin veriyoruz?",Su ve Kanalizasyon
bir hayvan kapana sıkışmış kurtaran lazım.,Başıboş Hayvanlar
Mahallemizde sorun var; sokak hayvanları aç bakan yok.,Başıboş Hayvanlar
"Valla bıktık, tuvalet geri tepiyor kanalizasyon dolu, ayrıca rögar tıkanmış yağmur suyu çekilmiyor.",Su ve Kanalizasyon
"YENI DIREKLERE IŞIK TAKILMAMIŞ, KIMSE ILGILENMIYOR. YARDIMCI OLURSANIZ ÇOK SEVINIRIZ.",Sokak Aydınlatması
"Valla bıktık, spor aletleri bozulmuş kimse tamirr etmiyor. Çözülmesini bekliyoruz",Park ve Yeşil Alan
Köşedeki bakkalin önünde sorun var; sokak çeşmesi boşuna akıyor su israf oluyor.,Su ve Kanalizasyon
ana caddenin yarisi karanlik yurumek korkutucu.,Sokak Aydınlatması
"Pes yani, oyun grubunun zemini bozuk çocuklar düşüyor. Artık bir şey yapın!",Park ve Yeşil Alan
"cop kamyonu bir aydir mahalleye ugramiyor, kimse ilgilenmiyor. Gereginin yapilmasini rica ederim",Çöp ve Temizlik
Yagmur suyu giderleri cople dolmus. Ilginiziii rica ediyorum.,Su ve Kanalizasyon
"Bıktık artık, caminin arka sokağında mazgal kapağı yok açık duruyor, ayrıca kar yağınca yollar tuzlanmadı buz tuttu.",Yol ve Kaldırım
yahu Caminin arka sokağında sorun var; okul servisi gibi otobüs sabah hep dolu geliyor.,Toplu Ulaşım
"Bakın, site girişinde su basıncı çok düşük su gelmiyor. Acil çözün şunu!",Su ve Kanalizasyon
"bakın, köpekler çöpü dağıtıyor ortalık kirleniyor, ayrıca sokak hayvanları aç bakan yok",Başıboş Hayvanlar
"valla biktik, yarali bir hayvan var ilgilenen yok.",Başıboş Hayvanlar
"Kafelerin masaları geceleri çok gürültülü, ayrıca apartmanın önünde inşaat aylardır gece geç saate kadar çalışıyor.",Gürültü ve Çevre Kirliliği
konteyner kırılmış çöpler etrafa saçılıyor. Konunun takip edilmesini istiyoruz.,Çöp ve Temizlik
"Pes yani, köpekler çöpü dağıtıyor sabah berbat oluyor, ayrıca çöpler sürekli toplanmıyor.",Çöp ve Temizlik
"Allah aşkına, geceleri havlamalar geceleri uyutmuyor.",Başıboş Hayvanlar
Çöp konteynerleri ağzına kadar dolmuş taşıyor. İlgili ekip gönderilsin lütfen,Çöp ve Temizlik
Açık alanda atık yakılıyor koku dayanılmaz. Bir an önce ilgilenilsin.,Gürültü ve Çevre Kirliliği
"yeter ama, Caddemizde sorun var; su geceleri kesik haber bile vermiyorlar.",Su ve Kanalizasyon
"of ya, asfalt her hafta bozuk araba alttan vuruyor, ayrıca yağmurda yol göle dönüyor su birikiyor",Yol ve Kaldırım
kamyonlar geceleri cadde ortasında çalışır halde bekliyor. Ne zaman çözeceksiniz?,Gürültü ve Çevre Kirliliği
"Bakın, kaldırım karanlık düşüp yaralandık, ayrıca karanlıkta gencler toplanıyor güvensiz.",Sokak Aydınlatması
Şoför durakta durmadan geçti. Şimdiden teşekkürler.,Toplu Ulaşım
"bakın, bordür taşları çıkmış ayağımız takılıyor. Konunun takip edilmesini istiyoruz.",Yol ve Kaldırım
Rezalet. Ara sokakta sorun var; caminin arka sokağında durağa otobüs hiç uğramıyor.,Toplu Ulaşım
hat iptal olmuş kimse duyurmamış. Gereğinin yapılmasını rica ederim,Toplu Ulaşım
gece hattı yok eve dönemiyoruz. Artık bir şey yapın,Toplu Ulaşım
Park lambalarııı yanmıyor akşam kullanılmıyor,Park ve Yeşil Alan
"ya artık yeter, kart dolum noktası sürekli çalışmıyor. İlgili ekip gönderilsin lütfen.",Toplu Ulaşım
Rezalet. Site girişinde sorun var; yağmurda yol göle dönüyor su birikiyor.,Yol ve Kaldırım
Caddemizde yol çökmüş araçlar zarar görüyor.,Yol ve Kaldırım
"valla bıktık, bizim mahallede kedilere mama su konmuyor. Acil çözün şunu!",Başıboş Hayvanlar
"Valla bıktık, sokağın tamamı kapkaranlık bir tane lamba yanmıyor, ayrıca okul yolunda ışık yok çocuklar korkuyor.",Sokak Aydınlatması
engelli rampası yok tekelekli sandalye geçemiyor.,Yol ve Kaldırım
"Pes yani, evimizin tam önünde hurdacılar sabaha karşı gürültü yapıyor. Acil çözün şunu!",Gürültü ve Çevre Kirliliği
YAHU MAHALLEMIZDE SORUN VAR; DURAKTA IŞIK YOK GECE BEKLEYEMIYORUZ.,Sokak Aydınlatması
"Allah aşkına, oyun grubunun zemini bozuk çocuklar düşüyor, çocuklar etkileniyor. Artık bir şey yapın!",Park ve Yeşil Alan
"Valla biktik, pazardan sonra ortalik copluk oluyor temizleyen yok. Vergimizi ne icin veriyoruz?",Çöp ve Temizlik
Minibüsler tıka basa dolu binilmiyor. Bu kadarına da pes,Toplu Ulaşım
"Of ya, su sayacı arızalı fatura uçtu. Acil çözün şunu!",Su ve Kanalizasyon
"Spor aletleri bozulmuş kimse tamir etmiyor, ayrıca oyun grubunun zemini bozuk çocuklar düşüyor",Park ve Yeşil Alan
okul servisi gibi otobüs sabah hep dolu geliyor. Artık bir şey yapın!,Toplu Ulaşım
"Yahu okul önünde köpek sürüsü var veli tedirgin, ayrıca pazar yerinin orada başıboş köpekler uzun süredir korku saçıyor.",Başıboş Hayvanlar
Metro çıkışında sorun var; egzoz ve tozdan pencere açamıyoruz.,Gürültü ve Çevre Kirliliği
"Valla bıktık, atık konteyneri yanlış yere konmuş kapımızı kapatıyor, rezil olduk. Artık bir şey yapın!",Çöp ve Temizlik
Duragin yanında sorun var; kafelerin masaları geceleri çok gürültülü.,Gürültü ve Çevre Kirliliği
"kaldırım o kadar dar ki arabayla geçilmiyor, defalarca aradık sonuç yok. Acil çözün şunu",Yol ve Kaldırım
"Yeter ama, çöp kamyonu aylardır mahalleye uğramıyor, ayrıca çöp konteynerleri ağzına kadar dolmuş taşıyor.",Çöp ve Temizlik
"PES YANI, DURAGIN YANINDA SORUN VAR; YENI DIREKLERE IŞIK TAKILMAMIŞ.",Sokak Aydınlatması
"Bakın, caminin arka sokağında sokak lambaları haftalardır yanmıyor, ayrıcaa durakta ışık yok gece bekleyemiyoruz.",Sokak Aydınlatması
"Of ya, tuvalet geri tepiyor kanalizasyon dolu.",Su ve Kanalizasyon
"Yeter ama, apartmanın önünde mazgal kapağı yok açık duruyor. Bu kadarına da pes!",Yol ve Kaldırım
"Çöp konteynerleri ağzına kadar dolmuş taşıyor, ayrıca ana cadde uzerinde çöpler birikti leş gibi kokuyor",Çöp ve Temizlik
Site girişinde sorun var; köşedeki bakkalin önünde lamba patlamış aylardır değişen yok.,Sokak Aydınlatması
HER YAGMURDA EVI SU BASIYOR GIDER TIKALI,Su ve Kanalizasyon
su borusu ptlamış cadde sular altında.,Su ve Kanalizasyon
"Pes yani, ana caddenin yarısı karanlık yürümek korkutucu, sağlığımız tehlikede. Bir an önce ilgilenilsin.",Sokak Aydınlatması
"yahu durakta tabela yok hangi hat gecer belli degil, ayrica kart dolum noktasi geceleri calismiyor.",Toplu Ulaşım
Sokak sabahtan akşama süpürülmyor her yer kir.,Çöp ve Temizlik
"Allah aşkına, park bakımsız her yer çöp ve cam kırığı. Bir an önce ilgilenilsin",Park ve Yeşil Alan
"Bıktık artık, okul yolunda ışık yok çocuklar korkuyor. Bir an önce ilgilenilsin.",Sokak Aydınlatması
"kafelerin masaları geceleri çok gürültülü, ayrıca fabrika bacasından duman havayı kirletiyor.",Gürültü ve Çevre Kirliliği
"Çitler kırık park sokağa açılmış tehlikeli, çocuklar etkileniyor. İlgili birime iletilmesini rica ederim.",Park ve Yeşil Alan
"yandaki işyeri uzun süredir sonuna kadar müzik açıyor, ayrıca kafelerin masaları geceleri çok gürültülü.",Gürültü ve Çevre Kirliliği
"Düğün salonu sürekli sesi sonuna kadar açıyor, yaşanmıyor artık. Şimdiden teşekkürler.",Gürültü ve Çevre Kirliliği
"kısırlaştırma yok hayvan sayısı çok arttı, ayrıca geceleri havlamalar bir aydır uyutmuyor.",Başıboş Hayvanlar
"Ya artık yeter, sokağın tamamı kapkaranlık bir tane lamba yanmıyor. Bir an önce ilgilenilsin",Sokak Aydınlatması
Durakta ışık yok gece bekleyemiyoruz. İlginizi rica ediyorum.,Sokak Aydınlatması
"Bakın, yeşil alan bir aydır sulanmıyor çimler kurudu, her gün aynı dert. Artık bir şey yapın!",Park ve Yeşil Alan
Apartmanın önünde sorun var; otobüs seferleri akşam çok seyrek,Toplu Ulaşım
Elektrk direği yana yatmış ışık da yok. Yardımcı olursanız çok seviniriz.,Sokak Aydınlatması
Yahu otobüs seferleri akşam çok seyrek,Toplu Ulaşım
çöp yakıyorlar mahalle dumana boğuldu.,Gürültü ve Çevre Kirliliği
Cocuk parkının yanında sorun var; egzoz ve tozdan pencere açamıyoruz,Gürültü ve Çevre Kirliliği
"pes yani, düğün salonu geceleri sesi sonuna kadar açıyor, yaşanmıyor artık. Artık bir şey yapın!",Gürültü ve Çevre Kirliliği
"Pes yani, bizim mahallede mazgal kapağı yok açık duruyor, ayrıca engelli rampası yok tekerlekli sandalye geçemiyor",Yol ve Kaldırım
"Kısırlaştırma yok hayvan sayısı çok arttı, ayrıca geceleri havlamalar aylardır uyutmuyor.",Başıboş Hayvanlar
HAYVANLAR TRAFIKTE TEHLIKE YARATIYOR.,Başıboş Hayvanlar
"Of ya, park lambaları yanmıyor akşam kullanılmıyor, ayrıca park bakımsız her yer çöp ve cam kırığı.",Park ve Yeşil Alan
"Yahu okul yolunda ışık yok çocuklar korkuyor, ayrıca apartmanın önünde lamba patlamış aylardır değişen yok.",Sokak Aydınlatması
"Sefer saatleri tutmuyor saatlercee bekliyoruz, ayrıca sefer saatleri tutmuyor saatlerce bekliyoruz.",Toplu Ulaşım
"Bıktık artık, spor aletleri bozulmuş kimse tamir etmiyor, defalarca aradık sonuç yok. İlgili ekip gönderilsin lütfen",Park ve Yeşil Alan
"Okul onunde kopek surusu var velii tedirgin, sagligimiz tehlikede. Acil cozun sunu!",Başıboş Hayvanlar
Duragin yanında sorun var; evimizin tam önünde lamba patlamış aylardır değişen yok.,Sokak Aydınlatması
"Pes yani, geri dönüşüm kutuları aylardır boşaltılmıyor.",Çöp ve Temizlik
"Yeter ama, çitler kırık park sokağa açılmış tehlikeli.",Park ve Yeşil Alan
Engelli rampası yok tekerlekli sandalye geçemiyor. İlgili birime iletilmesiniii rica ederim.,Yol ve Kaldırım
Su sayacı arızalı fauraaa uçtu.,Su ve Kanalizasyon
Kopekler parki kirletiyor temizlenmiyor,Park ve Yeşil Alan
rezalet. direkteki lamba arızalı gece çok tehlikeli.,Sokak Aydınlatması
Direkteki lamba arizali gece cok tehlikeli. Simdiden tesekkurler.,Sokak Aydınlatması
"ALLAH AŞKINA, PARKIN ÇEŞMESINDEN SU AKMIYOR.",Park ve Yeşil Alan
kaldırım o kadar dar ki arabayla geçilmiyor. İlgili ekip gönerilsin lütfen.,Yol ve Kaldırım
"yeter ama, lağım kokusu aylardır eve doluyor.",Su ve Kanalizasyon
"Okulun yanındaki sokakta yeni mahalleye ulaşım yok, defalarca aradık sonuç yok. Konunun takip edilmesini istiyoruz.",Toplu Ulaşım
Yahu karanlıkta gencler toplanıyor güvensiz.,Sokak Aydınlatması
"Kaldırım karanlık düşüp yaralandık, ayrıca direkteki lamba arızalı gece çok tehlikeli.",Sokak Aydınlatması
çocuk parkındaki salıncaklar kırık tehlikeli.,Park ve Yeşil Alan
cocuk parkının yanında sorun var; rögar tıkanmış yağmur suyu çekilmiyor.,Su ve Kanalizasyon
Pazar yerinin orada fareler türedi çünkü çöpler ortada,Çöp ve Temizlik
"of ya, alt geçidin oraya gece motorları gaza basıp duruyor, ayrıca kamyonlar günlerdir cadde ortasında çalışır halde bekliyor.",Gürültü ve Çevre Kirliliği
"Bakın, metro çıkışında kedilere mama su konmuyor",Başıboş Hayvanlar
"duragin yaninda hurdacilar sabaha karsi gurultu yapiyor, sagligimiz tehlikede. Gereginin yapilmasini rica ederim",Gürültü ve Çevre Kirliliği
bizim mahallede fareler türedi çünkü çöpler ortada. Ne zaman çözeceksiniz?,Çöp ve Temizlik
"valla bıktık, bir hayvan kapana sıkışmış kurtaran lazım. Acil çözün şunu!",Başıboş Hayvanlar
ana cadde uzerinde sorun var; yol çalışması yarım kalmış günlerdir öyle duruyor.,Yol ve Kaldırım
Park gece icki icenlerin mekani oldu.,Park ve Yeşil Alan
"Sokak hayvanları aç bakan yok, kimse umursamıyor. Çözülmesini bekliyoruz.",Başıboş Hayvanlar
YAHU OTOBÜS ÇOK ESKI SÜREKLI ARIZALANIYOR.,Toplu Ulaşım
"Of ya, park bakımsız her yer çöp ve cam kırığı, ayrıca oyun grubunun zemini bozuk çocuklar düşüyor.",Park ve Yeşil Alan
"Bıktık artık, ölü bir hayvan var günlerdir kaldıran yok, ayrıca aşısız hayvanlar dolaşıyor tehlikeli",Başıboş Hayvanlar
"Bir hayvan kapana sikismis kurtaran lazim, boyle olmaz ki. Gereginin yapilmasini rica ederim.",Başıboş Hayvanlar
Rezalet. gece hattı yok eve dönemiyoruz.,Toplu Ulaşım
"Yeter ama, okulun yanındaki sokakta gece motorları gaza basıp duruyor, ayrıca kafelerin masaları geceleri çok gürültülü.",Gürültü ve Çevre Kirliliği
caddemizde kedilere mama su konmuyor.,Başıboş Hayvanlar
yolun ortasında koca bir çukur açıldı. Bir an önce ilgilenilsin.,Yol ve Kaldırım
cocuk parkinin yaninda sorun var; acik alanda atik yakiliyor koku dayanilmaz.,Gürültü ve Çevre Kirliliği
Trafik levhası devrilmiş kimse ilgilenmiyor,Yol ve Kaldırım
"bıktık artık, Ara sokakta sorun var; sokak aylardır süpürülmüyor her yer kir.",Çöp ve Temizlik
"Sefer saatleri tutmuyor saatlerce bekliyoruz, ayrıca hat iptal olmuş kimse duyurmamış.",Toplu Ulaşım
"Bıktık artık, kar yağınca yollar tuzlanmadı buz tuttu.",Yol ve Kaldırım
"bizim mahallede yeşil alana izinsiz inşaat var, ayrıca kaydırak kırılmış paslı çocuk yaralanır.",Park ve Yeşil Alan
Evimizin tam önünde gece motorları gaza basıp duruyor. Şimdiden teşekkürler.,Gürültü ve Çevre Kirliliği
"Pes yani, şoför durakta durmadan geçti.",Toplu Ulaşım
"YA ARTIK YETER, UST GECIDIN MERDIVENLERI KIRIK TEHLIKELI.",Yol ve Kaldırım
Metro çıkışında koca bir çöp yığını var.,Çöp ve Temizlik
Geceleri havlamalar her hafta uyutmuyor.,Başıboş Hayvanlar
"Yeter ama, sürü halinde köpekler çocuklara havlıyor. Vergimizi ne için veriyoruz?",Başıboş Hayvanlar
"Ya artık yeter, geceleri havlamalar sürekli uyutmuyor, çocuklar etkileniyor. İlgili ekip gönderilsin lütfen.",Başıboş Hayvanlar
oyun grubunun zemini bozuk çocuklar düşüyor.,Park ve Yeşil Alan
"of ya, üst geçidin merdivenleri kırık tehlikeli. Bir an önce ilgilenilsin",Yol ve Kaldırım
karanlıkta gencler toplanıyor güvensiz.,Sokak Aydınlatması
"Bakın, oyun grubunun zemini bozuk çocuklar düşüyor. Artık bir şey yapın!",Park ve Yeşil Alan
"yeni direklere ışık takılmamış, yaşanmıyor artık. Çözülmesini bekliyoruz.",Sokak Aydınlatması
"of ya, sokağımızda engelli rampalı otobüs gelmiyor.",Toplu Ulaşım
Sokağımızda sorun var; sokak her gün süpürülmüyor her yer kir.,Çöp ve Temizlik
Ara sokakta sorun var; okulun yanındaki sokakta lamba patlamış aylardır değişen yok,Sokak Aydınlatması
Rezalet. Site girişinde sorun var; tuvalet geri tepiyor kanalizasyon dolu.,Su ve Kanalizasyon
"pes yani, Metro çıkışında sorun var; site girişinde kaldırım taşları sökülmüş yürünmüyor.",Yol ve Kaldırım
Ölü bir hayvan var günlerdir kaldıran yok.,Başıboş Hayvanlar
Cocuk parkinin yaninda sorun var; kar yaginca yollar tuzlanmadi buz tuttu.,Yol ve Kaldırım
"Direkteki lamba arızalı gece çok tehlikeli, ayrıca ana cadde uzerinde lamba patlamış aylardır değişen yok.",Sokak Aydınlatması
Rezalet. yağmur suyu giderleri çöple dolmuş. Çözülmesini bekliyoruz.,Su ve Kanalizasyon
"Ya artık yeter, çitlerrr kırık park sokağa açılmış tehlikeli.",Park ve Yeşil Alan
Kopekler copu dagitiyor sabah berbat oluyor.,Çöp ve Temizlik
"Minibüsler tıka basa dolu binilmiyor, ayrıca gece hattı yok eve dönemiyoruz",Toplu Ulaşım
caminin arka sokaginda sorun var; ana cadde uzerinde kaldirim taslari sokulmus yurunmuyor.,Yol ve Kaldırım
"Allah aşkına, Ana cadde uzerinde sorun var; okulun yanındaki sokakta yol çökmüş araçlar zarar görüyor.",Yol ve Kaldırım
"ya artık yeter, köşedeki bakkalin önünde engelli rampalı otobüs gelmiyor. Bu kadarına da pes",Toplu Ulaşım
"Karanlıkta gencler toplanıyor güvensiz, ayrıca lamba yanıp sönüyor sinir bozuyor.",Sokak Aydınlatması
"Yeter ama, kart dolum noktası her gün çalışmıyor. Artık bir şey yapın!",Toplu Ulaşım
"Valla bıktık, bizim mahallede çöpler birikti leş gibi kokuyor.",Çöp ve Temizlik
"Valla bıktık, hat iptal olmuş kimse duyurmamış. Bu kadarına da pes!",Toplu Ulaşım
Pazar yerinin orada sorun var; otobüs çok eski sürekli arızalanıyor.,Toplu Ulaşım
"Bakın, Bizim mahallede sorun var; lağım kokusu bir aydır eve doluyor",Su ve Kanalizasyon
köpekler çöpü dağıtıyor sabah berbat oluyor,Çöp ve Temizlik
DURAGIN YANINDA KEDILERE MAMA SU KONMUYOR. VERGIMIZI NE IÇIN VERIYORUZ?,Başıboş Hayvanlar
"Bakın, ana caddenin yarısı karanlık yürümek korkutucu.",Sokak Aydınlatması
"Caminin arka sokağında koca bir çöp yığını var, ayrıca çöpten dolayı sinek kaynıyor.",Çöp ve Temizlik
"valla bıktık, yaralı bir hayvan var ilgilenen yok. İlgili ekip gönderilsin lütfen.",Başıboş Hayvanlar
Akşam olunca her yer zifiri karanlık.,Sokak Aydınlatması
"Bıktık artık, pazar yerinin orada sokak lambaları her gün yanmıyor.",Sokak Aydınlatması
Apartmanin onunde sorun var; acik alanda atik yakiliyor koku dayanilmaz,Gürültü ve Çevre Kirliliği
kart dolum noktası her hafta çalışmıyor.,Toplu Ulaşım
"Valla bıktık, duraktaki bank ve durak kapalısı kırık. Bu kadarına da pes!",Toplu Ulaşım
"caminin arka sokağında yeni mahalleye ulaşım yok, ayrıca durakta tabela yok hangi hat geçer belli değil",Toplu Ulaşım
Pazar yerinin orada sorun var; ana cadde uzerinde çöpler birikti leş gibi kokuyor.,Çöp ve Temizlik
"Bakın, Caddemizde sorun var; kaldırıma park ediyorlar yaya yürüyemiyor.",Yol ve Kaldırım
"okul yolunda ışık yok çocuklar korkuyor, ayrıca ana caddenin yarısı karanlık yürümek korkutucu",Sokak Aydınlatması
bizim mahallede yol çökmüş araçlar zarar görüyor. Yardımcı olursanız çok seviniriz.,Yol ve Kaldırım
"pes yani, yağmur suyu giderleri çöple dolmuş. Vergimizi ne için veriyoruz?",Su ve Kanalizasyon
"Köşedeki bakkalin önünde yeni mahalleye ulaşım yok, her gün aynı dert",Toplu Ulaşım
yağmur suyu giderleri çöple dolmuş.,Su ve Kanalizasyon
"su sayacı arızalı fatura uçtu, yaşanmıyor artık. Artık bir şey yapın!",Su ve Kanalizasyon
Bizim mahallede sorun var; sanayi atıkları dereye boşaltılıyor.,Gürültü ve Çevre Kirliliği
"Yeter ama, geri donusum kutulari aylardir bosaltilmiyor, ayrica insaat molozunu yola dokmusler kaldiran yok",Çöp ve Temizlik
Site grişinde köpekler peşimize takılıyor korkuyoruz,Başıboş Hayvanlar
"Allah aşkna, çöp konteynerleri ağzına kadar dolmuş taşıyor.",Çöp ve Temizlik
durakta ışık yok gece bekleyemiyoruz. Gereğinin yapılmasını rica ederim.,Sokak Aydınlatması
"Su sayacı arızalı fatura uçtu, rezil olduk. Çözülmesini bekliyoruz.",Su ve Kanalizasyon
Köpekler çöpü dağıtıyor sabah berbat oluyor,Çöp ve Temizlik
rögar tıkanmış yağmur suyu çekilmiyor,Su ve Kanalizasyon
"çöpler aylardır toplanmıyor, ayrıca çöpten dolayı sinek kaynıyor",Çöp ve Temizlik
"Valla bıktık, inşaat molozunu yola dökmüşler kaldıran yok",Çöp ve Temizlik
caddemizde sorun var; kanalizasyon kapagi cokmus cukur olmus.,Su ve Kanalizasyon
"Allah aşkına, alt geçidin oraya yeşil alana zinsiz inşaat var, ayrıca park bakımsız her yer çöp ve cam kırığı",Park ve Yeşil Alan
Otobusler haftalardir saatinde gelmiyor,Toplu Ulaşım
"Pes yani, su borusu patlamış cadde sular altında.",Su ve Kanalizasyon
Ölü bir hyvan var günlerdir kaldıran yok,Başıboş Hayvanlar
"valla bıktık, yol çalışması yarım kalmış sabahtan akşama öyle duruyor, kimse umursamıyor. İlgili ekip gönderilsin lütfen.",Yol ve Kaldırım
park aydınlatması bozuk çocuklar oynayamıyor. Vergimizi ne için veriyoruz?,Sokak Aydınlatması
lağım kokusu uzun süredir eve doluyor. Yardımcı olursanız çok seviniriz.,Su ve Kanalizasyon
"Rezalet. duraktaki bank ve durak kapalısı kırık, ayrıca minibüsler tıka basa dolu binilmiyor.",Toplu Ulaşım
"Valla bıktık, Duragin yanında sorun var; alt geçidin oraya kedilere mama su konmuyor.",Başıboş Hayvanlar
Metro çıkışında sorun var; atölye abahtan akşama makine sesinden uyutmuyor.,Gürültü ve Çevre Kirliliği
"Ya artık yeter, kart dolum noktası kaç kere söyledik yine çalışmıyor, ayrıca şoför durakta durmadan geçti",Toplu Ulaşım
Yahu atık konteyneri yanlış yere konmuş kapımızı kapatıyor. İlgili ekip gönderilsin lütfen.,Çöp ve Temizlik
"geri dönüşüm kutuları aylardır boşaltılmıyor, sağlığımız tehlikede. Yardımcı olursanız çok seviniriz.",Çöp ve Temizlik
"bakın, kafelerin masaları geceleri çok gürültülü, böyle olmaz ki. İlgili ekip gönderilsin lütfen.",Gürültü ve Çevre Kirliliği
"bıktık artık, sürü halinde köpekler çocuklara havlıyor. İlgili ekip gönderilsin lütfen.",Başıboş Hayvanlar
Yahu Mahallemizde sorun var; oyun grubunun zemini bozuk çocuklar düşüyor.,Park ve Yeşil Alan
Yeşil alan akşamları sulanmıyor çimler kurudu.,Park ve Yeşil Alan
caddemizde engelli rampalı otobüs gelmiyor.,Toplu Ulaşım
"ya artik yeter, kosedeki bakkalin onunde sokak lambalari bir aydir yanmiyor.",Sokak Aydınlatması
hayvanlar trafikte tehlike yaratıyor.,Başıboş Hayvanlar
"çöpten dolayı sinek kaynıyor, ayrıca konteyner kırılmış çöpler etrafa saçılıyor.",Çöp ve Temizlik
"Of ya, ara sokakta kaldirim taslari sokulmus yurunmuyor.",Yol ve Kaldırım
"pes yani, su bir aydır kesik haber bile vermiyorlar, her gün aynı ert. Bir an önce ilgilenilsin.",Su ve Kanalizasyon
"Bakın, Cocuk parkının yanında sorun var; bodrumu lağım suyu bastı.",Su ve Kanalizasyon
"Of ya, her yağmurda evi su basıyor gider tıkalı, ayrıca bodrumu lağım suyu bastı.",Su ve Kanalizasyon
"Allah aşkına, atık konteyneri yanlış yere konmuş kapımızı kapatıyor. Çözülmesini bekliyoruz",Çöp ve Temizlik
"Valla bıktık, kamyonlar haftalardır cadde ortasında çalışır halde bekliyor. Artık bir şey yapın!",Gürültü ve Çevre Kirliliği
Asfalt bir aydır bozuk araba alttan vuruyor.,Yol ve Kaldırım
okulun yanındaki sokaktaaa sorun var; çöpler her hafta toplanmıyor,Çöp ve Temizlik
Bordür taşları çıkmış ayağımız takılıyor,Yol ve Kaldırım
Okulun yanındaki sokakta sorun var; otobüsler uzun süredir saatinde gelmiyor.,Toplu Ulaşım
"Kamyonlar haftalardır cadde ortasında çalışır halde bekliyor, defalarca aradık sonuç yok. Vergimizi ne için veriyoruz?",Gürültü ve Çevre Kirliliği
Site girişinde sorun var; barınağa götürülecek hayvanlar sokakta kalmış,Başıboş Hayvanlar
"Çöpler her gün toplanmıyor, ayrıca çöp konteynerleri ağzına kadar dolmuş taıyor.",Çöp ve Temizlik
"Yahu kar yağınca yollar tuzlanmadı buz tuttu, ayrıca kaldırım o kadar dar ki arabayla geçilmiyor",Yol ve Kaldırım
Moloz dökülen alan toz ve koku saçıyor. Yardımcı olursanız çok seviniriz.,Gürültü ve Çevre Kirliliği
Kamyonlar uzun süredir cadde ortasında çalışır halde bekliyor. Bir an önce ilgilenilsin.,Gürültü ve Çevre Kirliliği
akşam olunca her yer zifiri karanlık.,Sokak Aydınlatması
"Yeter ama, atölye kaç kere söyledik yine makine sesinden uyutmuyor. Vergimizi ne için veriyoruz?",Gürültü ve Çevre Kirliliği
"Bakın, Ana cadde uzerinde sorun var; çöpten dolayı sinek kaynıyor.",Çöp ve Temizlik
Rezalet. moloz dökülen alan toz ve koku saçıyor.,Gürültü ve Çevre Kirliliği
"Yeter ama, aşısız hayvanlar dolaşıyor tehlikeli, ayrıca geceleri havlamalar günlerdir uyutmuyor",Başıboş Hayvanlar
Ana cadde uzerinde sorun var; lağım kokusu aylardır eve doluyor.,Su ve Kanalizasyon
"Pes yani, egzoz ve tozdan pencere açamıyoruz, vergimizi ödüyoruz ama hizmet yok. Vergimizi ne için veriyoruz?",Gürültü ve Çevre Kirliliği
"yahu atölye sabahtan akşama makine sesinden uyutmuyor, böyle olmaz ki. Vergimizi ne için veriyoruz?",Gürültü ve Çevre Kirliliği
"Allah aşkına, Sokağımızda sorun var; parkın çeşmesinden su akmıyor.",Park ve Yeşil Alan
köşedeki bakkalin önünde sorun var; yol çalışması yarım kalmış akşamları öyle duruyor.,Yol ve Kaldırım
Fabrika bacasından duman havayı kirletiyor. Bu kadarına da pes!,Gürültü ve Çevre Kirliliği
"Yeter ama, atık konteyneri yanlış yere konmuş kapımızı kapatıyor. Ne zaman çözeceksiniz?",Çöp ve Temizlik
Ana cadde uzerinde sorun var; park lambaları yanmıyor akşam kullanılmıyor.,Park ve Yeşil Alan
Trafik levhasi devrilmis kimse ilgilenmiyor.,Yol ve Kaldırım
Caddemizde sorun var; duragin yanında lamba patlamış aylardır değişen yok,Sokak Aydınlatması
"Yeter ama, çöp konteynerleri ağzına kadar dolmuş taşıyor, defalarca aradık sonuç yok. Bir an önce ilgilenilsin.",Çöp ve Temizlik
Alt geçidin oraya sorun var; fabrika bacasından duman havayı kirletiyor.,Gürültü ve Çevre Kirliliği
"Of ya, durakta ışık yok gece bekleyemiyoruz, ayrıca sokağın tamamı kapkaranlık bir tane lamba yanmıyor.",Sokak Aydınlatması
Caminin arka sokağında sorun var; asfalt aylardır bozuk araba alttan vuruyor.,Yol ve Kaldırım
"Ya artık yeter, Ara sokakta sorun var; köpekler parkı kirletiyor temizlenmiyor.",Park ve Yeşil Alan
Rezalet. apartmanın önünde aydınlatma olmadığı için tekin değil.,Sokak Aydınlatması
"Yeter ama, moloz ve atiklar aylardir kaldirimda duruyor",Çöp ve Temizlik
Okulun yanındaki sokakta sorun var; barınağa götürülecek hayvanlar sokakta kalmış,Başıboş Hayvanlar
"allah aşkına, elektrik direği yana yatmış ışık da yok, sağlığımız tehlikede. Bir an önce ilgilenilsin.",Sokak Aydınlatması
kısırlaştırma yok hayvan sayısı çok arttı. İlginizi rica ediyorum.,Başıboş Hayvanlar
mahallemizde sorun var; park lambaları yanmıyor akşam kullanılmıyor,Park ve Yeşil Alan
"Yeterrr ama, sokak her gün süpürülmüyor her yer kir, ayrıca pazardan sonra ortalık çöplük oluyor temizleyen yok.",Çöp ve Temizlik
Ölü bir hayvan var günlerdir kaldıran yok. Bu kadaına da pes!,Başıboş Hayvanlar
"düğün salonu geceleri sesi sonuna kadar açıyor, kimse ilgilenmiyor. Şimdiden teşekkürler.",Gürültü ve Çevre Kirliliği
"Park lambaları yanmıyor akşam kullanılmıyor, ayrıca ara sokakta banklar dökülmüş oturulmuyor.",Park ve Yeşil Alan
"allah aşkına, mahallemizde banklar dökülmüş oturulmuyor",Park ve Yeşil Alan
Köpekler parkı kirletiyor temizlenmiyor. Konunun takip edilmesini istiyoruz,Park ve Yeşil Alan
"Allah aşkına, Evimizin tam önünde sorun var; çocuk parkındaki salıncaklar kırık tehlikeli",Park ve Yeşil Alan
"ya artık yeter, kanalizasyon kapağı çökmüş çukur olmuş.",Su ve Kanalizasyon
"atölye uzun süredir makine sesinden uyutmuyor, vergimizi ödüyoruz ama hizmet yok. Konunun takipp edilmesini istiyoruz.",Gürültü ve Çevre Kirliliği
"yağmur suyu giderleri çöpleee dolmuş, kimse umursamıyor. Şimdiden teşekkürler.",Su ve Kanalizasyon
"Biktik artik, gece hatti yok eve donemiyoruz, ayrica caddemizde engelli rampali otobus gelmiyor",Toplu Ulaşım
"of ya, pazar yerinin orada koca bir çöp yığını var, defalarca aradık sonuç yok. Bu kadarına da pes!",Çöp ve Temizlik
kaldırım karanlık düşüp yaralandık,Sokak Aydınlatması
"Allah aşkına, okul yolunda ışık yok çocuklar korkuyor. Bir an önce ilgilenilsin.",Sokak Aydınlatması
"Rezalet. fabrika bacasindan duman havayi kirletiyor, ayrica hali saha gec saatte bile bagiris cagiris.",Gürültü ve Çevre Kirliliği
"YA ARTIK YETER, AŞISIZ HAYVANLAR DOLAŞIYOR TEHLIKELI, AYRICA BIR HAYVAN KAPANA SIKIŞMIŞ KURTARAN LAZIM.",Başıboş Hayvanlar
"Bıktık artık, yeşil alan geceleri sulanmıyor çimler kurudu, böyle olmaz ki. Bir an önce ilgilenilsin.",Park ve Yeşil Alan
"hat iptal olmuş kimse duyurmamış, ayrıca duraktaki bank ve durak kapalısı kırık.",Toplu Ulaşım
Duragin yanında temiz su şebekesi sürekli arızalanıyor,Su ve Kanalizasyon
Atık konteyneri yanlış yere konmuş kapımızı kapatıyor. Acil çözün şunu!,Çöp ve Temizlik
"Yeni direklere isik takilmamis, sagligimiz tehlikede. Ilgili birime iletilmesini rica ederim.",Sokak Aydınlatması
konteyner kırılmış çöpler etrafa saçılıyor. Şimdiden teşekkürler.,Çöp ve Temizlik
Yahu bir hayvan kapanaaa sıkışmış kurtaran lazım.,Başıboş Hayvanlar
"Pes yani, ağaçlar budanmamış dallar sarkıyor. Çözülmesini beklioruz.",Park ve Yeşil Alan
"Yeter ama, ara sokakta kaldırım taşları sökülmüş yürünmüyor, ayrıca kaldırıma park ediyorlar yaya yürüyemiyor.",Yol ve Kaldırım
"Valla biktik, otobus cok eski surekli arizalaniyor, ayrica caminin arka sokaginda yeni mahalleye ulasim yok",Toplu Ulaşım
Kar yağınca yollar tuzlanmadı buz tuttu.,Yol ve Kaldırım
"allah aşkına, oyun grubunun zemini bozuk çocuklar düşüyor, her gün aynı dert. Ne zaman çözeceksiniz?",Park ve Yeşil Alan
Rezalet. Mahallemizde sorun var; çocuk parkındaki salıncaklar kırık tehlikeli.,Park ve Yeşil Alan
duragin yanında temiz su şebekesi sürekli arızalanıyor.,Su ve Kanalizasyon
duragin yaninda sorun var; caddemizde kanalizasyon tasmis pis su akiyor,Su ve Kanalizasyon
"Bakın, köpekler çöpü dağıtıyor ortalık kirleniyor.",Başıboş Hayvanlar
"pes yani, aşısız hayvanlar dolaşıyor tehlikeli. Bir an önce ilgilenilsin",Başıboş Hayvanlar
Evimizin tam onunde sorun var; ana caddenin yarisi karanlik yurumek korkutucu,Sokak Aydınlatması
"Of ya, parkın çeşmesinden su akmıyor.",Park ve Yeşil Alan
"Site girisinde yeniii mahalleye ulasim yok, kimse umursamiyor. Artik bir sey yapin",Toplu Ulaşım
"Bıktık artık, Metro çıkışında sorun var; köşedeki bakkalin önünde kedilere mama su konmuyor",Başıboş Hayvanlar
"Üst geçidin merdivenleri kırık tehlikeli, kimse ilgilenmiyor. Artık bir şey yapın!",Yol ve Kaldırım
"yahu atık konteyneri yanlış yere konmuş kapımızı kapatıyor, ayrıca köpekler çöpü dağıtıyor sabah berbat oluyor.",Çöp ve Temizlik
Mahallemizde aydınlatma olmadığıı için tekin değil.,Sokak Aydınlatması
"Bıktık artık, Caminin arka sokağında sorun var; durakta tabela yok hangi hat geçer belli değil.",Toplu Ulaşım
Metro çıkışında sorun var; otobüsler aylardır saatinde gelmiyor.,Toplu Ulaşım
"Biktik artik, Caddemizde sorun var; cop kamyonu sabahtan aksama mahalleye ugramiyor.",Çöp ve Temizlik
"ya artık yeter, Sokağımızda sorun var; ara soakta kaldırım taşları sökülmüş yürünmüyor.",Yol ve Kaldırım
kaydırak kırılmış paslı çocuk yaralanır. Ne zaman çözeceksiniz?,Park ve Yeşil Alan
"valla biktik, direkteki lamba arizali gece cok tehlikeli, boyle olmaz ki. Ilgili ekip gonderilsin lutfen.",Sokak Aydınlatması
"Ya artık yeter, bir hayvan kapana sıkışmış kurtaran lazım. Çözülmesini bekliyoruz",Başıboş Hayvanlar
Geri dönüşüm kutuları aylardır boşaltılmıyor. İlginizi rica ediyorum.,Çöp ve Temizlik
"bakın, park gece içki içenlerin mekanı oldu, ayrıca kaydırak kırılmış paslı çocuk yaralanır.",Park ve Yeşil Alan
Apartmanın önünde yeşil alana izinsiz inşaat var. İlgili ekip gönderilsin lütfen.,Park ve Yeşil Alan
"valla bıktık, pazar yerinin orada su basıncı çok düşük su gelmiyor.",Su ve Kanalizasyon
Sofor durakta durmadan gecti.,Toplu Ulaşım
"Yeter ama, hayvanlar trafikte tehlike yaratıyor. Bir an önce ilgilenilsin",Başıboş Hayvanlar
okulun yanındaki sokakta banklar dökülmüş oturulmuyor. Gereğinin yapılmasını rica ederim,Park ve Yeşil Alan
Yahu alt geçidin oraya mazgal kapağı yok açık duruyor.,Yol ve Kaldırım
"Bıktık artık, Alt geçidin oraya sorun var; hayvanlar trafikte tehlike yaratıyor.",Başıboş Hayvanlar
Yandaki işyeri akşamları sonuna kadar müzik açıyor.,Gürültü ve Çevre Kirliliği
Düğün salonu her gün sesi sonuna kadar açıyor.,Gürültü ve Çevre Kirliliği
"Ya artık yeter, durakta ışık yok gece bekleyemiyoruz",Sokak Aydınlatması
"Ya artık yeter, çöp kamyonu sabahtan akşama mahalleye uğramıyor, böyle olmaz ki. Ne zaman çözeceksiniz?",Çöp ve Temizlik
"Bakın, sanayi atıkları dereye boşaltılıyor.",Gürültü ve Çevre Kirliliği
"valla bıktık, yeni direklere ışık takılmamı, rezil olduk. İlgili ekip gönderilsin lütfen.",Sokak Aydınlatması
"Ya artık yeter, alt geçidin oraya hurdacılar sabaha karşı gürültü yapıyor.",Gürültü ve Çevre Kirliliği
"of ya, kaydırak kırılmış paslı çocuk yaralanır. Konunun takip edilmesini istiyoruz.",Park ve Yeşil Alan
Sokak hayvanları aç bakan yok.,Başıboş Hayvanlar
"Of ya, akşam olunca her yer zifiri karanlık, vergimizi ödüyoruz ama hizmet yok. Acil çözün şunu!",Sokak Aydınlatması
sokağımızda sorun var; su sayacı arızalı fatura uçtu.,Su ve Kanalizasyon
"yeter ama, çöp konteynerleri ağzına kadar dolmuş taşıyor.",Çöp ve Temizlik
Caminin arka sokağında sorun var; metro çıkışında yeni mahalleye ulaşım yok.,Toplu Ulaşım
"Valla bıktık, engelli rampası yok tekerlekli sandalye geçemiyor.",Yol ve Kaldırım
Egzoz ve tozdan pencere açamıyoruz.,Gürültü ve Çevre Kirliliği
"Yeter ama, bizim mahallede temiz su şebekesi sürekli arızalanıyor, defalarca aradık sonuç yok. Acil çözün şunu!",Su ve Kanalizasyon
Ana cadde uzerinde sorun var; geceleri havlamalar bir aydır uyutmuyor.,Başıboş Hayvanlar
Bodrumu lağım suyu bastı. İlginizi rica ediyorum.,Su ve Kanalizasyon
"olu bir hayvan var gunlerdir kaldiran yok, ayrica asisiz hayvanlar dolasiyor tehlikeli",Başıboş Hayvanlar
"allah aşkına, park lambaları yanmıyor akşam kullanılmıyor, ayrıca çocuk parkındaki salıncaklar kırık tehlikeli.",Park ve Yeşil Alan
"Yeter ama, yağmur suyu giderleri çöple dolmuş, sağlığımız tehlikede. İlgili ekip gönderilsin lütfen.",Su ve Kanalizasyon
yağmur suyuu giderleri çöple dolmuş. İlgili birime iletilmesini rica ederim.,Su ve Kanalizasyon
"Valla bıktık, cocuk parkının yanında yeni mahalleye ulaşım yok, çocuklar etkileniyor. Acil çözün şunu!",Toplu Ulaşım
caddemide kedilere mama su konmuyor.,Başıboş Hayvanlar
Kaldırım karanlık düşüp yaralandık. Vergimizi ne için veriyoruz?,Sokak Aydınlatması
"Pes yani, park lambaları yanmıyor akşam kullanılmıyor.",Park ve Yeşil Alan
Rezalet. durakta tabela yok hangi hat geçer belli değil. Artık bir şey yapın!,Toplu Ulaşım
Rezalet. her yağmurda ev su basıyor gider tıkalı.,Su ve Kanalizasyon
"Valla bıktık, sokağımızda aydınlatma olmadığı için tekin değil, ayrıca akşam olunca her yer zifiri karanlık.",Sokak Aydınlatması
pazar yerinin orada yeni mahalleye ulaşım yok.,Toplu Ulaşım
Rezalet. Apartmanin onunde sorun var; moloz ve atiklar surekli kaldirimda duruyor,Çöp ve Temizlik
"of ya, Köşedeki bakkalin önünde sorun var; tuvalet geri tepiyor kanalizasyon dolu",Su ve Kanalizasyon
Yandaki işyeri her hafta sonuna kadarr müzik açıyor.,Gürültü ve Çevre Kirliliği
yahu agaclar budanmamis dallar sarkiyor.,Park ve Yeşil Alan
Kafelerin masaları geceleri çok gürültülü.,Gürültü ve Çevre Kirliliği
Yağmur suyu giderleri çöple dolmuş. Gereğinin yapılmasını ria ederim.,Su ve Kanalizasyon
"Spor aletleri bozulmuş kimse tamir etmiyor, sağlığımız tehlikede. Bir an önce ilgilenilsin.",Park ve Yeşil Alan
"Allah aşkına, metro çıkışında parka tuvalet yok çok lazım, ayrıca ar sokakta yeşil alana izinsiz inşaat var.",Park ve Yeşil Alan
Gece hatti yok eve donemiyoruz.,Toplu Ulaşım
"Pes yani, Duragin yanında sorun var; köpekler çöpü dağıtıyor ortalık kirleniyor.",Başıboş Hayvanlar
"pes yani, bir hayvan kapana sikismiss kurtaran lazim.",Başıboş Hayvanlar
yeni direklere ışık tkılmamış,Sokak Aydınlatması
Yaya geçidi silinmiş hiç görünmüyor. Gereğinin yapılmasını rica ederim.,Yol ve Kaldırım
Park aydınlatması bozuk çocuklar oynayamıyor. Bir an önce ilgilenilsin.,Sokak Aydınlatması
Apartmanın önünde durağa otobüs hiç uğramıyor.,Toplu Ulaşım
"Bakın, sokak çeşmesi boşuna akıyor su israf oluyor, böyle olmaz ki. Bu kadarına da pes!",Su ve Kanalizasyon
"Allah aşkına, engelli rampası yok tekerlekli sandalye geçemiyor.",Yol ve Kaldırım
rogar tikanmis yagmur suyu cekilmiyor.,Su ve Kanalizasyon
üst geçidin merdivenleri kırık tehlikeli. Şimdiden teşekkürler.,Yol ve Kaldırım
Yahu sanayi atıkları dereye boşaltılıyor. Çözülmesini bekliyoruz.,Gürültü ve Çevre Kirliliği
"Allah aşkına, çöpten dolayı sinek kaynıyor, her gün aynı dert. Çözülmesini bekliyoruz.",Çöp ve Temizlik
Kısırlaştırma yok hayvan sayısı çok arttı.,Başıboş Hayvanlar
rezalet. atölye akşamları makine sesinden uyutmuyor. İlgili ekip gönderilsin lütfen.,Gürültü ve Çevre Kirliliği
"Her yağmurda evi su basıyor gider tıkalı, ayrıca musluktan bulanık su geliyor kötü kokuyor.",Su ve Kanalizasyon
"Bıktık artık, Metro çıkışında sorun var; kamyonlar sürekli cadde ortasında çalışır halde bekliyor.",Gürültü ve Çevre Kirliliği
"Rezalet. yaya geçidi slinmiş hiç görünmüyor, sağlığımız tehlikede. İlgili ekip gönderilsin lütfen.",Yol ve Kaldırım
Lağım kokusu aylardır eve doluyor,Su ve Kanalizasyon
Yahu Alt geçidin orayaa sorun var; su saycı arızalı fatura uçtu.,Su ve Kanalizasyon
Her yağmurda evi su basıyor gider tıkalı.,Su ve Kanalizasyon
Köşedeki bakkalin önünde sorun var; lağım kokusu geceleri eve doluyor,Su ve Kanalizasyon
"Allah aşkına, park aydınlatması bozuk çocuklar oynayamıyor, yaşanmıyor artık. İlgili ekip gönderilsin lütfen.",Sokak Aydınlatması
"Pes yani, kar yağınca yollar tuzlanmadı buz tuttu",Yol ve Kaldırım
Yahu alt geçidin oraya engelli rampalı otobüs gelmiyor.,Toplu Ulaşım
Caddemizde soru var; otobüs seferleri akşam çok seyrek.,Toplu Ulaşım
mahallemizde yeni mahalleye ulaşım yok.,Toplu Ulaşım
Çitler kırık park sokağa açılmış tehlikeli,Park ve Yeşil Alan
"Bıktık artık, otobüs çok eski sürekli arızalanıyor.",Toplu Ulaşım
"ya artik yeter, okulun yanindaki sokakta parka tuvalet yok cok lazim, ayrica park lambalari yanmiyor aksam kullanilmiyor.",Park ve Yeşil Alan
Bordür taşları çıkmış ayağımız takılıyor. Gereğinin yapılmasını rica ederim,Yol ve Kaldırım
"Otobüsler akşamları saatinde gelmiyor, ayrıca duraktakii bank ve durak kapalısı kırık.",Toplu Ulaşım
sokağımızda sorun var; çöp konteynerleri ağzına kadar dolmuş taşıyor.,Çöp ve Temizlik
"Of ya, yaya geçidi silinmiş hiç görünmüyor. Çözülmesini bekliyoruz.",Yol ve Kaldırım
Caddemizde sorun var; yeşil alan her hafta sulanmıyor çimler kurudu,Park ve Yeşil Alan
Apartmanın önünde sorun var; park aydınlatması bozukkk çocuklar oynayamıyor.,Sokak Aydınlatması
caddemizde sorun var; su sayacı arızalı fatura uçtu.,Su ve Kanalizasyon
çöpten dolayı sinek kaynıyor. İlginizi rica ediyorum.,Çöp ve Temizlik
"Yeşil alan akşamları sulanmıyor çimler kurudu, defalarca aradık sonuç yok. İlginizi rica ediyorum.",Park ve Yeşil Alan
"of ya, su borusu patlamış cadde sular altında, ayrıca su haftaardır kesik haberrr bile vermiyorlar",Su ve Kanalizasyon
"Ya artık yeter, Evimizin tam önünde sorun var; pazar yerinin orada başıboş köpekler aylardır korku saçıyor",Başıboş Hayvanlar
"bakin, mahallemizde sokak lambalari aylardir yanmiyor.",Sokak Aydınlatması
sokak surekli supurulmuyor her yer kir.,Çöp ve Temizlik
"Musluktan bulanik su geliyor kotu kokuyor, vergimizi oduyoruz ama hizmet yok. Cozulmesini bekliyoruz.",Su ve Kanalizasyon
"Su günlerdir kesik haber bile vermiyorlar, çocuklar etkileniyor. Çözülmesini bekliyoruz.",Su ve Kanalizasyon
"Bıktık artık, kafelerin masaları geceleri çok gürültülü, rezil olduk. Artık bir şey yapın!",Gürültü ve Çevre Kirliliği
"ara sokakta temiz su şebekesi sürekli arızalanıyor, ayrıca rögar tıkanmış yağmur suyu çekilmiyor.",Su ve Kanalizasyon
"Egzoz ve tozdan pencere açamıyoruz, ayrıca halı saha geç saatte bile bağırış çağırış",Gürültü ve Çevre Kirliliği
APARTMANIN ÖNÜNDE INŞAAT SABAHTAN AKŞAMAAA GECE GEÇ SAATE KADAR ÇALIŞIYOR. İLGINIZI RICA EDIYORUM.,Gürültü ve Çevre Kirliliği
"Duragin yanında lamba patlamış aylardır değişen yok, ayrıca okulun yanındaki sokakta aydınlatma olmadığı için tekin değil.",Sokak Aydınlatması
Gece hattı yok eve dönemiyoruz. Yardımcı olursanız çok seviniriz.,Toplu Ulaşım
"Otobüsler bir aydır saatinde gelmiyor, sağlığımız tehlikede. Konunun takip edilmesini istiyoruz",Toplu Ulaşım
Ağaçlar budanmamış dallar sarkıyor.,Park ve Yeşil Alan
"ya artık yeter, bodrumu lağım suyu bastı. Artık bir şey yapın",Su ve Kanalizasyon
Okulun yanındaki sokakta sorun var; şoför durakta durmadan geçti.,Toplu Ulaşım
Rezalet. otobüs seferleri akşam çok seyrek. Bu kadarına da pes!,Toplu Ulaşım
"çöp kamyonu kaç kere söyledik yine mahalleye uğramıyor, ayrıca site girişinde çöpler birikti leş gibi kokuyor.",Çöp ve Temizlik
"Valla biktik, yesil alan bir aydir sulanmiyor cimler kurudu. Acil cozun sunu",Park ve Yeşil Alan
Yahu Okulun yanındaki sokakta sorun var; caddemizde başıboş köpekler her gün korku saçıyor.,Başıboş Hayvanlar
Ağaçlar budanmamış dallar sarkıyor. İlgili birime iletilmesini rica ederim.,Park ve Yeşil Alan
"Of ya, okul yolunda ışık yok çocuklar korkuyor",Sokak Aydınlatması
rezalet. sokağımızda temiz su şebekesi sürekli arızalanıyor,Su ve Kanalizasyon
"üst geçidin merdivenleri kırık tehlikeli, rezil olduk",Yol ve Kaldırım
"Yağmurda yol göle dönüyor su birikiyor, defalarca aradık sonuç yok. Konunun takip edilmesini istiyoruz",Yol ve Kaldırım
"Valla bıktık, çöp yakıyorlar mahalle dumana boğuldu.",Gürültü ve Çevre Kirliliği
"EGZOZ VE TOZDAN PENCERE AÇAMIYORUZ, DEFALARCA ARADIK SONUÇ YOK. ÇÖZÜLMESINI BEKLIYORUZ.",Gürültü ve Çevre Kirliliği
Caminin arka sokağında çöpler birikti leş gibi kokuyor.,Çöp ve Temizlik
Rezalet. bodrumu lağım suyu bastı,Su ve Kanalizasyon
açık alanda atık yakılıyor koku dayanılmaz.,Gürültü ve Çevre Kirliliği
"Ya artık yeter, bodrumu lağım suyu bastı, defalarca aradık sonuç yok. Çözülmesini bekliyoruz.",Su ve Kanalizasyon
"of ya, köpekler parkı kirletiyor temizlenmiyor. Bir an önce ilgilenilsin.",Park ve Yeşil Alan
"ya artık yeter, su borusu patlamış cadde sular altında. Acil çözün şunu!",Su ve Kanalizasyon
Karanlıkta gencler toplanıyor güvensiz. Ne zaman çözeceksiniz?,Sokak Aydınlatması
köşedeki bakkalin önünde yol çökmüş araçlar zarar görüyor.,Yol ve Kaldırım
Alt gecidin oraya sokak lambalari haftalardir yanmiyor. Ilgili birime iletilmesini rica ederim,Sokak Aydınlatması
"allah aşkına, köpekler çöpü dağıtıyor sabah berbat oluyor, ayrıca köpekler çöpü dağıtıyor sabah berbat oluyor.",Çöp ve Temizlik
Caddemizde yol çökmüş araçlar zarar görüyor. İlgili birime iletilmesini rica ederim.,Yol ve Kaldırım
yahu parkın çeşmesindennn su akmıyor.,Park ve Yeşil Alan
Köşedekii bakkalin önünde sorun var; çöp yakıyorlar mahalle dumana boğuldu,Gürültü ve Çevre Kirliliği
Düğün salonu bir aydır sesi sonuna kadar açıyor.,Gürültü ve Çevre Kirliliği
Metro cikisinda sorun var; site girisinde yol cokmus araclar zarar goruyor.,Yol ve Kaldırım
Karanlıkta gencler toplanıyor güvensiz. İlgili birime iletilmesini rica ederim.,Sokak Aydınlatması
metro çıkışında sorun var; çitlerr kırık park sokağa açılmış tehlikeli,Park ve Yeşil Alan
"ALLAH AŞKINA, CAMININ ARKA SOKAĞINDA INŞAAT KAÇ KERE SÖYLEDIK YINE GECE GEÇ SAATE KADAR ÇALIŞIYOR. BU KADARINA DA PES",Gürültü ve Çevre Kirliliği
TUVALET GERI TEPIYOR KANALZASYON DOLU.,Su ve Kanalizasyon
Rezalet. konteyner kırılmış çöpler etrafa saçılıyor.,Çöp ve Temizlik
"Ana cadde uzerinde köpekler peşimize takılıyor korkuyoruz, ayrıca kısırlaştırma yok hayvan sayısı çok arttı.",Başıboş Hayvanlar
"Biktik artik, bir hayvan kapana sikismis kurtaran lazim",Başıboş Hayvanlar
"Pes yani, Ara sokakta sorun var; köpekler çöpü dağıtıyor sabahh berbat oluyor.",Çöp ve Temizlik
Aşısız hayvanlar dolaşıyor tehlikeli. Çözülmesini bekliyoruz.,Başıboş Hayvanlar
karanlıkta gencler toplanıyor güvensiz. Bir an önce ilgilenilsin.,Sokak Aydınlatması
"valla bıktık, Mahallemizde sorun var; ana cadde uzerinde hurdacılar sabaha karşı gürültü yapıyor",Gürültü ve Çevre Kirliliği
okul onunde kopek surusu var veli tedirgin. Bir an once ilgilenilsin.,Başıboş Hayvanlar
"Ya artık yeter, kaydırak kırılmış paslı çocuk yaralanır.",Park ve Yeşil Alan
"of ya, ara sokakta hurdacılar sabaha karşı gürültü yapıyor.",Gürültü ve Çevre Kirliliği
Ara sokakta sorun var; okulun yanındaki sokakta yeşil alana izinsiz inşaat var.,Park ve Yeşil Alan
Rezalet. yeşil alan kaç kere söyledik yine sulanmıyor çimler kurudu.,Park ve Yeşil Alan
"Yahu kaldırım karanlık düşüp yaralandık, kimse ilgilenmiyor. İlgili ekip gönderilsin lütfen.",Sokak Aydınlatması
"Biktik artik, kar yaginca yollar tuzlanmadi buz tuttu. Vergimizi ne icin veriyoruz?",Yol ve Kaldırım
"OF YA, CAMININ ARKA SOKAĞINDA KANALIZASYON TAŞMIŞ PIS SU AKIYOR. İLGILI EKIP GÖNDERILSIN LÜTFEN",Su ve Kanalizasyon
Elektrik direği yana yatmış ışık da yok.,Sokak Aydınlatması
Barınağa götürülecek hayvanlar sokakta kalmış. Gereğinin yapılmasını rica ederim,Başıboş Hayvanlar
"su bir aydir kesik haber bile vermiyorlar, defalarca aradik sonuc yok. Artik bir sey yapin!",Su ve Kanalizasyon
"üst geçidin merdivenleri kırık tehlikei, vergimizi ödüyoruz ama hizmet yok",Yol ve Kaldırım
"YA ARTIK YETER, DIREKTEKI LAMBA ARIZALI GECE ÇOK TEHLIKELI. VERGIMIZI NE IÇIN VERIYORUZ?",Sokak Aydınlatması
Rezalet. cocuk parkının yanında başıboş köpekler her hafta korku saçıyor.,Başıboş Hayvanlar
"Of ya, barınağa götürülecek hayvanlar sokaka kalmış, ayrıca bir hayvan kapanaaa sıkışmış kurtaran lazım",Başıboş Hayvanlar
Kısırlaşırma yok hayvan sayısı çok arttı,Başıboş Hayvanlar
bizim mahallede mazgal kapağı yok açık duruyor. Ne zaman çözeceksiniz?,Yol ve Kaldırım
"Yeter ama, bordür taşları çıkmış ayağımız takılıyor.",Yol ve Kaldırım
"Of ya, sürü halinde köpekler çocuklara havlıyor.",Başıboş Hayvanlar
"Bakın, moloz ve atıklar kaç kere söyledik yine kaldırımda duruyor. Konunun takip edilmesini istiyoruz.",Çöp ve Temizlik
"Çocuk parkındaki salıncaklar kırık tehlikeli, çocuklar etkileniyor. Çözülmesini bekliyoruz.",Park ve Yeşil Alan
"Yahu park lambaları yanmıyor akşam kulanılmıyor, sağlığımız tehlikede.",Park ve Yeşil Alan
"Yahu köşedeki bakkalin önünde yol çökmüş araçlar zarar görüyor, ayrıca kaldırıma park ediyorlar yaya yürüyemiyor.",Yol ve Kaldırım
"Sürü halinde köpekler çocuklara havlıyor, yaşanmıyor artık. Konunun takip edilmesini istiyoruz",Başıboş Hayvanlar
"YETER AMA, MAHALLEMIZDE INŞAAT BIR AYDIR GECE GEÇ SAATE KADAR ÇALIŞIYOR.",Gürültü ve Çevre Kirliliği
"Of ya, geri dönüşüm kutuları aylardır boşaltılmıyor. Bir an önce ilgilenilsin.",Çöp ve Temizlik
"Her yağmurda evi su basıyor gider tıkalı, kimse umursamıyor. Şimdiden teşekkürler.",Su ve Kanalizasyon
"Ya artık yeter, sokağımızda kaldırım taşları sökülmüş yürünmüyor. İlgili ekip gönderilsin lütfen",Yol ve Kaldırım
rezalet. pazardan sonra ortalık çöplük oluyor temizleyen yok.,Çöp ve Temizlik
"yahu okulun yanındaki sokakta kanalizasyon taşmış pis su akıyor, ayrıca rögar tıkanmış yağmur suyu çekilmiyor.",Su ve Kanalizasyon
yahu çitler kırık park sokağaa açılmış tehlikeli.,Park ve Yeşil Alan
rezalet. Alt geçidin oraya sorun var; ölü bir hayvan var günlerdir kaldıran yok.,Başıboş Hayvanlar
evimizin tam önünde sorun var; çitler kırık park sokağa açılmış tehlikeli.,Park ve Yeşil Alan
okul yolunda ışık yok çocuklar korkuyor.,Sokak Aydınlatması
"Cocuk parkının yanında banklar dökülmüş oturulmuyor, ayrıca spor aletleri bozulmuş kimse tamir etmiyor.",Park ve Yeşil Alan
"Yeter ama, bir hayvan kapana sıkışmış kurtaran lazım, sağlığımız tehlikede.",Başıboş Hayvanlar
"ya artık yeter, mahallemizde su basıncı çok düşük su gelmiyor, ayrıca her yağmurda evi su basıyor gider tıkalı.",Su ve Kanalizasyon
Sokak akşamları süpürülmüyor her yer kir. Gereğinin yapılmasını rica ederim.,Çöp ve Temizlik
düğün salonu sürekli sesi sonuna kadarr açıyor.,Gürültü ve Çevre Kirliliği
Rezalet. pazar yerinin orada durağa otobüs hiç uğramıyor. Ne zaman çözeceksiniz?,Toplu Ulaşım
rezalet. musluktan bulanık su geliyor kötü kokuyor.,Su ve Kanalizasyon
METRO ÇIKIŞINDA SORUN VAR; COCUK PARKININ YANINDA HURDACILAR SABAHA KARŞI GÜRÜLTÜ YAPIYOR.,Gürültü ve Çevre Kirliliği
otobüs seerleri akşam çok seyrek.,Toplu Ulaşım
"Allah aşkına, Sokağımızda sorun var; oyun grubunun zemini bozuk çocuklar düşüyor.",Park ve Yeşil Alan
"Kısırlaştırma yok hayvan sayısı çok arttı, ayrıca barınağa götürülecek hayvanlar sokakta kalmış.",Başıboş Hayvanlar
"Çöpler her hafta toplanmıyor, ayrıca çöpten dolayı sinek kaynıyor.",Çöp ve Temizlik
Rezalet. Cocuk parkının yanında sorun var; konteyner kırılmış çöpler etrafa saçılıyor.,Çöp ve Temizlik
"duragin yanında yeşil alana izinsiz inşaat var, sağlığımız tehlikede. Yardımcı olursanız çok seviniriz.",Park ve Yeşil Alan
köpekler parkı kirletiyorrr temizlenmiyor. İlgili birime iletilmesini rica ederim.,Park ve Yeşil Alan
"bıktık artık, apartmanın önünde fareler türedi çünkü çöpler ortada",Çöp ve Temizlik
"Yeter ama, durakta ışık yok gece bekleyemiyoruz.",Sokak Aydınlatması
Pazar yerinin orada su basıncı çok düşük su gelmiyor.,Su ve Kanalizasyon
kafelerin masaları gecelerii çok gürültülü.,Gürültü ve Çevre Kirliliği
Cocuk parkının yanında sorun var; minibüsler tıkaaa basa dolu binilmiyor,Toplu Ulaşım
"Yeter ama, sokak hayvanlari ac bakan yok, rezil olduk. Bir an once ilgilenilsin.",Başıboş Hayvanlar
"valla bıktık, duragin yanında koca bir çöp yığını var.",Çöp ve Temizlik
Fabrika bacasindan duman havayi kirletiyor.,Gürültü ve Çevre Kirliliği
"Allah aşkına, şoför durakta durmadan geçti, ayrıca şoför durakta durmadan geçti.",Toplu Ulaşım
"Pes yani, sokağımızda banklar dökülmüş oturulmuyor.",Park ve Yeşil Alan
"Bakın, su borusu patlamış cadde sular altında, çocuklarrr etkileniyor. Bir an önce ilgilenilsin.",Su ve Kanalizasyon
"Park lambaları yanmıyor akşam kullanılmıyor, her gün aynı dert. Şimdiden teşekkürler.",Park ve Yeşil Alan
"Bakin, Sokagimizda sorun var; kopekler copu agitiyor sabah berbat oluyor.",Çöp ve Temizlik
"Of ya, egzoz ve tozdan pencere açamıyoruz.",Gürültü ve Çevre Kirliliği
"Ya artık yeter, hat iptal olmuş kimse duyurmamış",Toplu Ulaşım
"Of ya, Alt gecidin oraya sorun var; yesil alan surekli sulanmiyor cimler kurudu.",Park ve Yeşil Alan
"Valla bıktık, ara sokakta sokak lambaları sürekli yanmıyor. Vergimizi ne için veriyoruz?",Sokak Aydınlatması
"Of ya, park lambaları yanmıyor akşam kullanılmıyor. Artık bir şey yapın",Park ve Yeşil Alan
"Valla bıktık, site girişinde yeni mahalleye ulaşım yok.",Toplu Ulaşım
"Konteyner kırılmış çöpler etrafa saçılıyor, ayrıca atık konteyneri yanlış yere konmuş kapımızı kapatıyor.",Çöp ve Temizlik
"ya artık yeter, açık alanda atık yakılıyor koku dayanılmaz, ayrıca fabrika bacasından duman havayı kirletiyor.",Gürültü ve Çevre Kirliliği
"Kaldırım karanlık düşüp yaralandık, ayrıca direkteki lamba arızalı gece çok tehlikeli",Sokak Aydınlatması
Site girişinde sorun var; düğün salonu her hafta sesi sonuna kadar açıyor.,Gürültü ve Çevre Kirliliği
"Rezalet. yol çalışması yarım kalmış günlerdir öyle duruyor, ayrıca yaya geçidi silinmiş hiç görünmüyor.",Yol ve Kaldırım
caminin arka sokağında sorun var; site girişinde su basıncı çok düşük su gelmiyor,Su ve Kanalizasyon
"Mahallemizde kanalizasyon taşmış pis su akıyor, ayrıca su sürekli kesik haber bile vermiyorlar.",Su ve Kanalizasyon
"Rezalet. evimizin tam önünde yol çökmüş araçlar zarar görüyor, rezil olduk. Vergimizi ne için veriyoruz?",Yol ve Kaldırım
"Of ya, park bakımsız her yer çöp ve cam kırığı. İlgili ekip gönderilsin lütfen.",Park ve Yeşil Alan
Yahu yolun ortasında koca bir çukur açıldı,Yol ve Kaldırım
"Bakın, metro çıkışında yeni mahalleye ulaşım yok, ayrıca otobüs seferleri akşam çok seyrek.",Toplu Ulaşım
"Allah aşkına, bir hayvan kapana sıkışmış kurtaran lazım.",Başıboş Hayvanlar
"Üst geçidin merdivenleri kırık tehlikeli, ayrıca trafik levhası devrilmiş kimse ilgilenmiyor.",Yol ve Kaldırım
"Of ya, otobüs çk eski sürekli arızalanıyor.",Toplu Ulaşım
"Bordür taşları çıkmış ayağımız takılıyor, defalarca aradık sonuç yok. Şimdiden teşekkürler.",Yol ve Kaldırım
"Park bakımsız her yer çöp ve cam kırığı, ayrıca kaydırak kırılmış paslı çocuk yaralanır.",Park ve Yeşil Alan
"Direkteki lamba arızalı gece çok tehlikeli, ayrıca okul yolunda ışık yok çocuklar korkuyor.",Sokak Aydınlatması
yahu ana caddenin yarısı karanlık yürümek korkutucu.,Sokak Aydınlatması
"Allah aşkına, kaldırım karanlık düşüp yaralandık.",Sokak Aydınlatması
yaya geçidi silinmiş hiç görünmüyor. Şimdiden teşekkürler.,Yol ve Kaldırım
"Ya artık yeter, moloz dökülen alan toz ve koku saçıyor. Bir an önce ilgilenilsin.",Gürültü ve Çevre Kirliliği
"YAHU SOKAK HAYVANLARI AÇ BAKAN YOK, AYRICA CADDEMIZDE KEDILERE MAMA SU KONMUYOR.",Başıboş Hayvanlar
Kanalizasyon kapağı çökmüş çukur olmuş. Gereğinin yapılmasını rica ederim.,Su ve Kanalizasyon
"lağım kokusu bir aydır eve doluyor, ayrıca bodrumu lağım suyu bastı",Su ve Kanalizasyon
Kısırlaştırma yok hayvan sayısı çok arttı. Yardımcı olursanız çok seviniriz.,Başıboş Hayvanlar
Rezalet. parkın çeşmesinden su akmıyor.,Park ve Yeşil Alan
"Valla bıktık, halı saha geç saatte bile bağırış çağırış.",Gürültü ve Çevre Kirliliği
"bir hayvan kapana sıkışmış kurtaran lazım, kimse umursamıyor. İlgili birime iletilmesini rica ederim.",Başıboş Hayvanlar
Kosedeki bakkalin onunde sorun var; copler aylardir toplanmiyor.,Çöp ve Temizlik
Yol çalışması yarım kalmış sürekli öyle duruyor.,Yol ve Kaldırım
"Valla bıktık, Cocuk parkının yanında sorun var; yaya geçidi silinmiş hiç görünmüyor.",Yol ve Kaldırım
"Rezalet. sürü halinde köpekler çocuklara havlıyor, sağlığımız tehlikede. Bir an önce ilgilenilsin.",Başıboş Hayvanlar
"Cocuk parkının yanında kalırım taşları sökülmüş yürünmüyor, ayrıca engelli rampası yok tekerlekli sandalye geçemiyor.",Yol ve Kaldırım
"valla bıktık, kaldırım o kadar dar ki arabayla geçilmiyor.",Yol ve Kaldırım
"Bıktık artık, köpekler parkı kirletiyor temizlenmiyor, kimse umursamıyor. İlgili ekip gönderilsin lütfen",Park ve Yeşil Alan
"Spor aletleri bozulmuş kimse tamir etmiyor, ayrıca park bakımsız her yer çöp ve cam kırığı.",Park ve Yeşil Alan
Metro çıkışında gece motorları gaza basıp duruyor,Gürültü ve Çevre Kirliliği
REZALET. KÖŞEDEKI BAKKALIN ÖNÜNDE BAŞIBOŞ KÖPEKLER SABAHTAN AKŞAMA KORKU SAÇIYOR. NE ZAMAN ÇÖZECEKSINIZ?,Başıboş Hayvanlar
"Minibüsler tıka basa dolu binilmiyor, sağlığımız tehlikede. Yardımcı olursanız çok seviniriz.",Toplu Ulaşım
Yahu halı saha geç saatte bile bağırış çağırış.,Gürültü ve Çevre Kirliliği
"Yeter ama, Duragin yanında sorun var; park gece içki içenlerin mekanı oldu.",Park ve Yeşil Alan
"Bıktık artık, elektrik direği yana yatmış ışık da yok, kimse ilgilenmiyor. Konunun takip edilmesini istiyoruz.",Sokak Aydınlatması
"pes yani, köşedeki bakkalin önünde inşaat sürekli gce geç saate kadar çalışıyor.",Gürültü ve Çevre Kirliliği
Lağım kokusu aylardır eve doluyor.,Su ve Kanalizasyon
"moloz dökülenn alan toz ve koku saçıyor, ayrıca kafelerin masaları geceleri çok gürültülü.",Gürültü ve Çevre Kirliliği
"Of ya, duraktaki bank ve durak kapalısı kırık.",Toplu Ulaşım
Yahu parkin cesmesinden su akmiyor. Bir an once ilgilenilsin.,Park ve Yeşil Alan
"su borusu patlamış cadde sular altında, ayrıca su her gün kesik haber bile vermiyorlar.",Su ve Kanalizasyon
Caddemizde sorun var; gece attı yok eve dönemiyoruz.,Toplu Ulaşım
"Hat iptal olmuş kimse duyurmamış, defalarca aradık sonuç yok. Yardımcı olursanız çok seviniriz.",Toplu Ulaşım
"Rezalet. okulun yanındaki sokakta kanalizasyon taşmış pis su akıyor, kimse ilgilenmiyor. İlgili ekip gönderilsin lütfen",Su ve Kanalizasyon
Metro cikisinda sorun var; atik konteyneri yanlis yere konmus kapimizi kapatiyor,Çöp ve Temizlik
"kaldırım o kadar dar ki arabayla geçilmiyor, ayrıca yağmurda yol göle dönüyor su birikiyor.",Yol ve Kaldırım
Park gece içki içenlerin mekanı oldu,Park ve Yeşil Alan
sokak hayvanları aç bakan yok.,Başıboş Hayvanlar
"Allah aşkına, atık konteyneri yanlış yere konmuş kapımızı kapatıyor",Çöp ve Temizlik
Kısırlaştırma yok hayvan sayısı çok arttı,Başıboş Hayvanlar
Su sayacıı arızalı fatura uçtu.,Su ve Kanalizasyon
"Ya artık yeter, kadırıma park ediyorlar yaya yürüyemiyor.",Yol ve Kaldırım
"Park gece içki içenlerin mekanı oldu, sağlığımız tehlikede.",Park ve Yeşil Alan
"Bakın, akşam olunca her yer zifiri karanlık.",Sokak Aydınlatması
"Okul önünde köpek sürüsü var veli tedirgin, böyle olmaz ki. Şimdiden teşekkürler",Başıboş Hayvanlar
"Allah aşkına, yandaki işyeri günlerdir sonuna kadar müzik açıyor. Çözülmesini bekliyoruz.",Gürültü ve Çevre Kirliliği
"Valla bıktık, yandaki işyeri haftalardır sonuna kadar müzik açıyor, ayrıca fabrika bacasından duman havayı kirletiyor.",Gürültü ve Çevre Kirliliği
egzoz ve tozdan pencere açamıyoruz,Gürültü ve Çevre Kirliliği
Köpekler parkı kirletiyor temizlenmiyor. Konunun takip edilmesini istiyoruz.,Park ve Yeşil Alan
"Of ya, pazar yerinin orada lamba patlamış aylardır değişen yok, her gün aynı dert. Vergimizi ne için veriyoruz?",Sokak Aydınlatması
"of ya, Köşedeki bakkalin önünde sorun var; durakta tabela yok hangi hat geçer belli değil",Toplu Ulaşım
"Şoför durakta durmadan geçti, vergimizi ödüyoruz ama hizmet yok. Şimdiden teşekkürler.",Toplu Ulaşım
"Valla biktik, sanayi atiklari dereye bosaltiliyor.",Gürültü ve Çevre Kirliliği
"Bakın, Apartmanın önünde sorun var; durakta tabela yok hangi hat geçer belli değil.",Toplu Ulaşım
"Geri dönüşüm kutuları aylardır boşaltılmıyor, her gün aynı dert. Vergimizi ne için veriyoruz?",Çöp ve Temizlik
"Bıktık artık, sokak çeşmesi boşuna akıyor su israf oluyor, ayrıca su borusu patlamış cadde sular altında.",Su ve Kanalizasyon
"Valla bıktık, geceleri havlamalar geceleri uyutmuyor. Artık bir şey yapın!",Başıboş Hayvanlar
"Valla bıktık, site girişinde mazgal kapağı yok açık duruyor.",Yol ve Kaldırım
"Bakın, kafelerin masaları geceleri çok gürültülü. Artık bir şey yapın!",Gürültü ve Çevre Kirliliği
"Ya artık yeter, park aydınlatması bozuk çocuklar oynayamıyor.",Sokak Aydınlatması
"YA ARTIK YETER, EVIMIZIN TA ÖNÜNDE SOKAK LAMBALARI GÜNLERDIR YANMIYOR",Sokak Aydınlatması
"Pes yani, Camnin arka sokaginda sorun var; caminin arka sokaginda fareler turedi cunku copler ortada.",Çöp ve Temizlik
Pazar yerinin orada sorun var; yağmur suyu giderleri çöple dolmuş.,Su ve Kanalizasyon
yolun ortasında koca bir çukur açıldı.,Yol ve Kaldırım
Yahu çöp yakıyorlar mahalle dumana boğuldu.,Gürültü ve Çevre Kirliliği
"Kaldırıma park ediyorlar yayaaa yürüyemiyor, ayrıca asfalt uzun süredir bozuk araba alttan vuruyor.",Yol ve Kaldırım
Yahu site girişinde yeşil alana izinsiz inşaat var. İlgili ekip gönderilsin lütfen.,Park ve Yeşil Alan
"Yeter ama, Bizim mahallede sorun var; kanalizasyon kapagi cokmus cukur olmus",Su ve Kanalizasyon
"yeter ama, caddemizde yeşil alana izinsiz inşaat var, kimse umursamıyor.",Park ve Yeşil Alan
Sokak çeşmesi boşuna akıyor su israf oluyor. Acil çözün şunu,Su ve Kanalizasyon
"SU GUNLERDIR KESIK HABER BILE VERMIYORLAR, AYRICA SU HER HAFTA KESIK HABER BILE VERMIYORLAR",Su ve Kanalizasyon
"Kar yağınca yollar tuzlanmadı buz tuttu, rezil olduk. Yardımcı olursanız çok seviniriz.",Yol ve Kaldırım
"Mahallemizde mazgal kapağı yok açık duruyor, böyle olmaz ki. Şimdiden teşekkürler.",Yol ve Kaldırım
Evimizin tam önünde sorun var; kamyonlar geceleri cadde ortasında çalışır halde bekliyor.,Gürültü ve Çevre Kirliliği
direkteki lamba arizali gece cok tehlikeli.,Sokak Aydınlatması
Kaldırım karanlık düşüp yaralandık,Sokak Aydınlatması
"Moloz ve atıklar haftalardır kaldırımda duruyor, ayrıca ana cadde uzerinde fareler türedi çünkü çöpler ortada.",Çöp ve Temizlik
Çöp yakıyorlar mahalle dumana boğuldu. Şimdiden teşekkürler.,Gürültü ve Çevre Kirliliği
Okulun yanindaki sokakta sorun var; alt gecidin oraya gece motorlari gaza basip duruyor.,Gürültü ve Çevre Kirliliği
Yahu duragin yanında köpekler peşimize takılıyor korkuyoruz. Konunun takip edilmesini istiyoruz,Başıboş Hayvanlar
"valla bıktık, durakta tabela yok hangi hat geçer belli değil. Bu kadarına da pes!",Toplu Ulaşım
"Evimizin tam önünde durağa otobüs hiç uğramıyor, çocuklar etkileniyor. Bir an önce ilgilenilsin",Toplu Ulaşım
"of ya, moloz ve atıklar kaç kere söyledik yine kaldırımda druyor.",Çöp ve Temizlik
Hat iptal olmuş kimse duyurmamış.,Toplu Ulaşım
"Düğün salonu aylardır sesi sonuna kadar açıyor, böyle olmaz ki. Gereğinin yapılmasını rica ederim.",Gürültü ve Çevre Kirliliği
"bakın, hat iptal olmuş kimse duyurmamış, çocuklar etkileniyor. Artık bir şey yapın!",Toplu Ulaşım
köpekler çöpü dağıtıyor sabah berbat oluyor. Gereğinin yapılmasını rica ederim,Çöp ve Temizlik
"Halı saha geç saatte bile bağırış çağırış, her gün aynı dert. Yardımcı olursanız çok seviniriz.",Gürültü ve Çevre Kirliliği
"Of ya, lamba yanıp sönüyor sinir bozuyor.",Sokak Aydınlatması
"durakta ışık yok gece bekleyemiyoruz, ayrıca kaldırım karanlık düşüppp yaralandık.",Sokak Aydınlatması
Kaldırım karanlık düşüp yaralandık. Konunun takip edilmesini istiyoruz,Sokak Aydınlatması
"yahu yolun ortasında koca bir çukur açıldı, yaşanmıyor artık. Acil çözün şunu!",Yol ve Kaldırım
"ya artık yeter, park bakımsız her yer çöp ve cam kırığı, ayrıca alt geçidin oraya yeşil alana izinsiz inşaat var",Park ve Yeşil Alan
Yahu trafik levhası devrilmiş kimse ilgilenmiyor.,Yol ve Kaldırım
Rezalet. Caddemizde sorun var; otobüs çok eski sürekli arızalanıyor.,Toplu Ulaşım
"Ya artık yeter, Apartmanın önünde sorun var; duraktaki bank ve durak kapalısı kırık.",Toplu Ulaşım
"Bıktık artık, akşam olunca her yer zifiri karanlık.",Sokak Aydınlatması
"Allah aşkına, atık konteyneri yanlış yere konmuş kapımızı kapatıyor, ayrıca moloz ve atıklar kaç kere söyledik yine kaldırımda duruyor",Çöp ve Temizlik
"Bıktık artık, bizim mahallede kedilere mama su konmuyor, rezil olduk. Çözülmesini bekliyoruz.",Başıboş Hayvanlar
"rezalet. kaldırım karanlık düşüp yaralandık, rezil olduk. İlgili ekip gönderilsin lütfen.",Sokak Aydınlatması
bir hayvan kapana sıkışmış kurtaran lazım. Gereğinin yapılmasını rica ederim.,Başıboş Hayvanlar
"Caminin arka sokağında hurdacılar sabaha karşı gürültü yapıyor, böyle olmaz ki. İlgili birime iletilmesini rica ederim.",Gürültü ve Çevre Kirliliği
"Valla bıktık, asfalt geceleri bozuk araba alttan vuruyor.",Yol ve Kaldırım
Sokağımızda başıboş köpekler geceleri korku saçıyor,Başıboş Hayvanlar
"Bakın, çitler kırık park sokağa açılmış tehlikeli, defalarca aradık sonuç yok. Artık bir şey yapın!",Park ve Yeşil Alan
Caminin arka sokağında sorun var; otobüsler her gün saatinde gelmiyor.,Toplu Ulaşım
yağmurda yol göle dönüyor su birikiyor.,Yol ve Kaldırım
"Pes yani, yağmur suyu giderleri çöple dolmuş, ayrıca kanalizasyon kapaı çökmüş çukur olmuş.",Su ve Kanalizasyon
"Egzoz ve tozdan pencere açamıyoruz, ayrıca egzoz ve tozdan pencere açamıyoruz.",Gürültü ve Çevre Kirliliği
"Ya artık yeter, aşısız hayvanlar dolaşıyor tehlikeli, rezil olduk. Bir an önce ilgilenilsin.",Başıboş Hayvanlar
"Yeter ama, kaldirim karanlik dusup yaralandik.",Sokak Aydınlatması
"Valla bıktık, Köşedeki bakkalin önünde sorun var; cocuk parkının yanında koca bir çöp yığını var.",Çöp ve Temizlik
"Bıktık artık, kaydırak kırılmış paslı çocuk yaralanır",Park ve Yeşil Alan
"oyun grubunun zemini bozuk cocuklar dusuyor, vergimizi oduyoruz ama hizmet yok. Bir an once ilgilenilsin.",Park ve Yeşil Alan
"Pes yani, köşedeki bakkalin önünde köpekler peşimize takılıyor korkuyoruz, her gün aynı dert. Bu kadarına da pes!",Başıboş Hayvanlar
"Valla bıktık, bir hayvan kapana sıkışmış kurtaran lazım.",Başıboş Hayvanlar
Yaya geçidi silinmiş hiç görünmüyor. İlgili birime iletilmesini rica ederim.,Yol ve Kaldırım
Açık alanda atık yakılıyor koku dayanılmaz.,Gürültü ve Çevre Kirliliği
Sokak çeşmesi boşuna akıyor su israf oluyor,Su ve Kanalizasyon
okulun yanındaki sokakta sorun var; ana cadde uzerinde engelli rampalı otobüs gelmiyor.,Toplu Ulaşım
evimizin tam önünde mazgal kapağı yok açık duruyor,Yol ve Kaldırım
"Yeter ama, Ana cadde uzerinde sorun var; okul yolunda ışık yok çocuklar korkuyor",Sokak Aydınlatması
Kamyonlar akşamları cadde ortasında çalışır halde bekliyor,Gürültü ve Çevre Kirliliği
"Yeter ama, ara sokakta kedilere mama su konmuyor. Artık bir şey yapın!",Başıboş Hayvanlar
rezalet. Caminin arka sokağında sorun var; ölü bir hayvan var günlerdir kaldıran yok.,Başıboş Hayvanlar
"Valla biktik, kopekler parki kirletiyor temizlenmiyor. Acil cozun sunu",Park ve Yeşil Alan
"ALLAH AŞKINA, METRO ÇIKIŞINDA LAMBA PATLAMIŞ AYLARDIR DEĞIŞEN YOK.",Sokak Aydınlatması
Sokağımızda sorun var; musluktan bulanık su geliyor kötü kokuyor,Su ve Kanalizasyon
Kisirlastirma yok hayvan sayisi cok artti,Başıboş Hayvanlar
"Her yağmurda evi su basıyor gider tıkalı, böyle olmaz ki. Şimdiden teşekkürler.",Su ve Kanalizasyon
Duragin yanında sorun var; yeşil alan günlerdir sulanmıyor çimler kurudu.,Park ve Yeşil Alan
"yeter ama, engelli rampasıı yok tekerlekli sandalye geçemiyor.",Yol ve Kaldırım
"Rezalet. ölü bir hayvan var günlerdir kaldıran yok, böyle olmaz ki. Bu kadarına da pes!",Başıboş Hayvanlar
"YETER AMA, OTOBÜSLER UZUN SÜREDIR SAATINDE GELMIYOR.",Toplu Ulaşım
"bıktık artık, moloz dökülen alan toz ve koku saçıyor.",Gürültü ve Çevre Kirliliği
"Valla bıktık, site girişinde mazgal kapağı yok açık duruyor. Çözülmesini bekliyoruz.",Yol ve Kaldırım
Kanalizasyon kapağı çökmüş çukur olmuş. İlgili birime iletilmesini rica ederim.,Su ve Kanalizasyon
"Of ya, Caminin arka sokağında sorun var; gece hattı yok eve dönemiyoruz.",Toplu Ulaşım
Rezalet. kart dolum noktası haftalardır çalışmıyor. Vergimizi ne için eriyoruz?,Toplu Ulaşım
Hat iptal olmuş kimseee duyurmamış. İlginizi rica ediyorum.,Toplu Ulaşım
Bizim mahallede sorun var; çöp kamyonu bir aydır mahalleye uğramıyor.,Çöp ve Temizlik
hat iptal olmuş kimse duyurmamış,Toplu Ulaşım
"ya artık yeter, karanlıkta gencler toplanıyor güvensiz, vergimizi ödüyoruz ama hizmet yok. İlgili ekip gönderilsin lütfen.",Sokak Aydınlatması
Düğün salonu bir aydır sesi sonuna kadar açıyor. İlginizi rica ediyorum.,Gürültü ve Çevre Kirliliği
"Ya artık yeter, sefer saatleri tutmuyor saatlerce bekliyoruz.",Toplu Ulaşım
"Bir hayvan kapana sikismis kurtaran lazim, ayrica yarali bir hayvan var ilgilenen yok",Başıboş Hayvanlar
Yahu Cocuk parkının yanında sorun var; minibüsler tıka basa dolu binilmiyor.,Toplu Ulaşım
"yeter ama, kanalizasyon kapağı çökmüş çukur olmuş.",Su ve Kanalizasyon
pazardan sonra ortalık çöplük oluyor temizleyen yok. İlginizi rica ediyorum.,Çöp ve Temizlik
"Okulun yanindaki sokakta lambaa patlamis aylardir degisen yok, ayrica ana caddenin yarisi karanlik yurumek korkutucu",Sokak Aydınlatması
Çöpten dolayı sinek kaynıyor.,Çöp ve Temizlik
Sokağımızda sorun var; ölü bir hayvan var günlerdir kaldıran yok.,Başıboş Hayvanlar
"pes yani, su borusu patlamış cadde sular altında. Vergimizi ne için veriyoruz?",Su ve Kanalizasyon
"valla bıktık, akşam olunca her yer zifirii karanlık. Ne zaman çözeceksiniz?",Sokak Aydınlatması
alt geçidin oraya su basıncı çok düşük su gelmiyor.,Su ve Kanalizasyon
Yahu Caminin arka sokağında sorun var; hat iptal olmuş kimse duyurmamış,Toplu Ulaşım
Rezalet. Oulun yanındaki sokakta sorun var; otobüsler kaç kere söyledik yine saatinde gelmiyor.,Toplu Ulaşım
"Bıktık artık, geceleri havlamalar uzun süredir uyutmuyor, her gün aynı dert.",Başıboş Hayvanlar
Duragin yanında sorun var; otobüsler her gün saatinde gelmiyor,Toplu Ulaşım
"Of ya, geceleri havlamalarrr akşamları uyutmuyor. Konunun takip edilmesini istiyoruz.",Başıboş Hayvanlar
Tuvalet geri tepiyor kanalizasyon dolu.,Su ve Kanalizasyon
"Ya artık yeter, moloz ve atıklar her hafta kaldırımda duruyor, ayrıca atık konteyneri yanlış yere konmuş kapımızı kapatıyor.",Çöp ve Temizlik
rezalet. Cocuk parkının yanında sorun var; bizim mahallede yenii mahalleye ulaşım yok.,Toplu Ulaşım
Rezalet. çocuk parkındaki salıncaklar kırık tehlikeli. İlgili ekip gönderilsin lütfen.,Park ve Yeşil Alan
"Ya artık yeter, ara sokakta kaldırım taşları sökülmüş yürünmüyor. Ne zaman çözeceksiniz?",Yol ve Kaldırım
Su borusu patlamış caddeee sular altında. Şimdiden teşkkürler,Su ve Kanalizasyon
"sokagimizda koca bir cop yigini var, ayricaaa konteyner kirilmis copler etrafa saciliyor.",Çöp ve Temizlik
Sokak çeşmesi boşuna akıyor su israf oluyor. İlginizi rica ediyorum.,Su ve Kanalizasyon
"Apartmanın önünde yeni mahalleye ulaşım yok, yaşanmıyor artık. Yardımcı olursanız çok seviniriz",Toplu Ulaşım
"Bakın, çöpten dolayı sinek kaynıyor.",Çöp ve Temizlik
"site girişinde köpekler peşimize takılıyor korkuyoruz, ayrıca sürü halinde köpekler çocuklara havlıyor",Başıboş Hayvanlar
"su uzun süredir kesik haber bile vermiyorlar, ayrıca su borusu patlamış cadde sular altında.",Su ve Kanalizasyon
Kafelerin masalarıı geceleri çok gürültülü.,Gürültü ve Çevre Kirliliği
"ÜST GEÇIDIN MERDIVENLERI KIRIK TEHLIKELI, KIMSE UMURSAMIYOR. BU KADARINA DA PES!",Yol ve Kaldırım
Site girişinde sorun var; sanayi atıkları dereye boşaltılıyor.,Gürültü ve Çevre Kirliliği
Okul yolunda ışık yok çocuklar korkuyor.,Sokak Aydınlatması
"Valla bıktık, rögar tıkanmış yağmur suyu çekilmiyor",Su ve Kanalizasyon
"Valla bıktık, pazardan sonra ortalık çöplük oluyor temizleyen yok, sağlığımız tehlikede. Konunun takip edilmesini istiyoruz.",Çöp ve Temizlik
"bakın, durakta tabela yok hangi hat geçer belli değil, ayrıca otobüsler her hafta saatinde gelmiyor.",Toplu Ulaşım
"Yeter ama, alt geçidin oraya banklar dökülmüş oturulmuyor, sağlığımız tehlikede. Acil çözün şunu",Park ve Yeşil Alan
"Allahh aşkına, kısırlaştırma yok hayvan sayısı çok arttı. Ne zaman çözeceksiniz?",Başıboş Hayvanlar
"Of ya, kaldırım o kadar dar ki arabayla geçilmiyor, ayrıca engelli rampası yok tekerlekli sandalye geçemiyor",Yol ve Kaldırım
"Bakın, Okulun yanındaki sokakta sorun var; egzoz ve tozdann pencere açamıyoruz.",Gürültü ve Çevre Kirliliği
engelli rampası yok tekerlekli sandalyeee geçemiyor.,Yol ve Kaldırım
"Pes yani, bordür taşları çıkmış ayağımız takılıyor.",Yol ve Kaldırım
Evimizin tam önünde sorun var; moloz ve atıklar akşamları kaldırımda duruyor,Çöp ve Temizlik
"bıktık artık, parkın çeşmesinden su akmıyor, yaşanmıyor artık. Çözülmesini bekliyoruz.",Park ve Yeşil Alan
Aksam olunca her yer zifiri karanlik. Ilginizi rica ediyorum.,Sokak Aydınlatması
Açık alanda atık yakılıyor koku dayanılmaz. Acil çözün şunu,Gürültü ve Çevre Kirliliği
"Of ya, pazardan sonra ortalık çöplük oluyor temizleyen yok.",Çöp ve Temizlik
"valla bıktık, Alt geçidin orayaa sorun var; çöp konteynerleri ağzına kadar dolmuş taşıyor.",Çöp ve Temizlik
"Geceleri havlamalar günlerdir uyutmuyor, defalarca aradık sonuç yok. İlgili birime iletilmesini rica ederim",Başıboş Hayvanlar
yahu su sayacı arızalı fatura uçtu.,Su ve Kanalizasyon
Park gece içki içenlerin mekanı oldu. Yardımcı olursanız çok seviniriz.,Park ve Yeşil Alan
"Okulun yanındaki sokakta temiz su şebekesi sürekli arızalanıyor, ayrıca sokak çeşmesi boşuna akıyor su israf oluyor.",Su ve Kanalizasyon
"Bıktık artık, sokak çeşmesi boşuna akıyor su israf oluyor. Artık bir şey yapın!",Su ve Kanalizasyon
"Yeter am, geri dönüşüm kutuları aylardır boşaltılmıyor.",Çöp ve Temizlik
"Moloz dökülen alan toz ve koku saçyor, ayrıca çöp yakıyorlar mahalle dumana boğuldu.",Gürültü ve Çevre Kirliliği
moloz dökülen alan toz ve koku saçıyor,Gürültü ve Çevre Kirliliği
"KANALIZASYON KAPAĞI ÇÖKMÜŞ ÇUKUR OLMUŞ, YAŞANMIYOR ARTIK.",Su ve Kanalizasyon
COCUK PARKININ YANINDA SORUN VAR; YAYA GEÇIDI SILINMIŞ HIÇ GÖRÜNMÜYOR,Yol ve Kaldırım
BARINAĞA GÖTÜRÜLECEK HAYVANLAR SOKAKTA KALMIŞ. ŞIMDIDEN TEŞEKKÜRLER.,Başıboş Hayvanlar
Çöp kamyonu sürekli mahalleye uğramıyor.,Çöp ve Temizlik
Yol çalışması yarım kalmış aylardır öyle duruyor.,Yol ve Kaldırım
"Her yağmurda evi su basıyor gider tıkalı, böyle olmaz ki. Yardımcı olursanız çok seviniriz.",Su ve Kanalizasyon
yol çalışması yarım kalmış akşamları öyle duruyor.,Yol ve Kaldırım
"Ya artık yeter, musluktan bulanık su geliyor kötü kokuyor.",Su ve Kanalizasyon
"Yeter ama, ölü bir hayvan var günlerdir kaldıran yok. Bu kadarınaaa da pes!",Başıboş Hayvanlar
"konteyner kırılmış çöpler etrafa saçılıyor, ayrıca pazardan sonra ortalık çöplük oluyor temizleyen yok.",Çöp ve Temizlik
Konteyner kırılmış çöpler etrafa saçılıyor. İlgili birime iletilmesini rica ederim.,Çöp ve Temizlik
Halı saha geç saatte bile bağırış çağırış.,Gürültü ve Çevre Kirliliği
"Rezalet. duragin yanında yeni mahalleye ulaşım yok, rezil olduk. Artık bir şey yapın",Toplu Ulaşım
"Valla bıktık, mahallemizde çöpler birikti leş gibi kokuyor",Çöp ve Temizlik
"Yeter ama, su sayacı arızalı fatura uçtu. Çözülmesini bekliyoruz.",Su ve Kanalizasyon
ANA CADDE UZERINDE SORUN VAR; RÖAR TIKANMIŞ YAĞMUR SUYU ÇEKILMIYOR,Su ve Kanalizasyon
Tuvalet geri tepiyorrr kanaizasyon dolu.,Su ve Kanalizasyon
"valla bıktık, gece hattı yok eve dönemiyoruz, kimse umursamıyor. Bir an önce ilgilenilsin.",Toplu Ulaşım
metro çıkışında sorun var; durakta tabela yok hangi hat geçer belli değil,Toplu Ulaşım
"Valla bıktık, yaya geçidi silinmiş hiç görünmüyor. Çözülmesini bekliyoruz.",Yol ve Kaldırım
"geri dönüşüm kutuları aylardır boşaltılmıyor, ayrıca çöp konteynerleri ağzına kadarrr dolmuş taşıyor.",Çöp ve Temizlik
"Pes yani, Ana cadde uzerinde sorun var; ağaçlar budanmamış dallar sarkıyor",Park ve Yeşil Alan
"ya artık yeter, yol çalışması yarım kalmış günlerdir öyle duruyor, kimse ilgilenmiyor. Bu kadarına da pes",Yol ve Kaldırım
"Sürü halinde köpekler çocuklara havlıyor, kimse umursamıyor. Gereğinin yapılmasını rica ederim",Başıboş Hayvanlar
"minibüsler tıka basa dolu binilmiyor, ayrıca minibüsler tıka basa dolu binilmiyor.",Toplu Ulaşım
"Bakın, hayvanlar trafikte tehlike yaratıyor.",Başıboş Hayvanlar
"yeter ama, her yağmurda evi su basıyor gider tıkalı. Vergimizi ne için veriyoruz?",Su ve Kanalizasyon
akşam olunca her yer zifiri karanlık. Gereğinin yapılmasını rica ederim.,Sokak Aydınlatması
"Of ya, kaldirim karanlik dusup yaralandik. Vergimizi ne icin veriyoruz?",Sokak Aydınlatması
Pazar yerinin orada sorun var; mahallemizde kedilere mama su konmuyor,Başıboş Hayvanlar
"Okulun yanındaki sokakta aydınlatma olmadığı için tekin değil, rezil olduk. İlgili ekip gönderilsin lütfen",Sokak Aydınlatması
"Valla bıktık, apartmanın önünde banklar dökülmüş oturulmuyor, ayrıca evimizin tam önündee yeşil alana izinsiz inşaat var.",Park ve Yeşil Alan
Fabrika bacasından duman havayı kirletiyor. Konunun takip edilmesinii istiyoruz.,Gürültü ve Çevre Kirliliği
"Park aydınlatması bozuk çocuklar oynayamıyor, ayrıca kaldırım karanlık düşüp yaralandık",Sokak Aydınlatması
Caddemizde sorun var; gece hattı yok eve dönemiyoruz,Toplu Ulaşım
"Konteyner kırılmış çöpler etrafa saçılıyor, ayrıca çöpler bir aydırrr toplanmıyor.",Çöp ve Temizlik
"Ya artık yeter, site girişinde mazgal kapağı yok açık duruyor.",Yol ve Kaldırım
"Ya artık yeter, oyun grubunun zemini bozuk çocuklarr düşüyor",Park ve Yeşil Alan
"valla bıktık, ara sokakta kaldırım taşları sökülmüş yürünmüyor, ayrıca üst geçidin merdivenleri kırık tehlikeli.",Yol ve Kaldırım
Pazardan sonra ortalık çöplük oluyor temizleyen yok,Çöp ve Temizlik
Çocuk parkındaki alıncaklar kırık tehlikeli. İlgili birime iletilmesini rica ederim.,Park ve Yeşil Alan
elektrik direği yana yatmış ışık da yok.,Sokak Aydınlatması
Ölü bir hayvan var günlerdirr kaldıran yok. Yardımcı olursanız çok seviniriz,Başıboş Hayvanlar
rezalet. durakta tabela yok hangi hat geçer belli değil.,Toplu Ulaşım
"Allah aşkına, otobüs seferleri akşam çok seyrek. Çözülmesini bekliyoruz.",Toplu Ulaşım
"Yeter ama, ana caddenin yarısı karanlık yürümek korkutucu, yaşanmıyor artık. İlgili ekip gönderilsin lütfen.",Sokak Aydınlatması
"bakın, kısırlaştırma yok hayvan sayısı çok arttı.",Başıboş Hayvanlar
Mahallemizde lamba patlamış aylardır değişen yok,Sokak Aydınlatması
rezalet. caminin arka sokaginda aydinlatma olmadigi icin tekin degil.,Sokak Aydınlatması
sürü halinde köpekler çocuklara havlıyor.,Başıboş Hayvanlar
"bakın, parkın çeşmesinden su akmıyor",Park ve Yeşil Alan
Caminin arka sokağında sorun var; kaldırım karanlık düşüp yaralandık.,Sokak Aydınlatması
"Allah aşkına, pazar yerinin orada su basıncı çok düşük su gelmiyor, ayrıca alt geçidin oraya kanalizasyon taşmış pis su akıyor.",Su ve Kanalizasyon
"Ölü bir hayvan var günlerdir kaldıran yok, rezil olduk. Şimdiden teşekkürler.",Başıboş Hayvanlar
Durakta tabela yok hangi hat geçer belli değil,Toplu Ulaşım
REZALET. APARTMANIN ÖNÜNDE SORUN VAR; KAR YAĞINCA YOLLAR TUZLANMADI BUZ TUTTU.,Yol ve Kaldırım
"caddemizde su basıncı çok düşük su gelmiyor, yaşanmıyor artık. Bir an önce ilgilenilsin.",Su ve Kanalizasyon
Pazar yerinin orada sorun var; minibüsler tıka basa dolu binilmiyor.,Toplu Ulaşım
"Park lambaları yanmıyor akşam kullanılmıyor, defalarca aradık sonuç yok. Gereğinin yapılmasını rica ederim.",Park ve Yeşil Alan
Rezalet. Bizim mahallede sorun var; çöp konteynerleri ağzına kadar dolmuş taşıyor,Çöp ve Temizlik
"Bakın, parkın çeşmesinden su akmıyor, ayrıca parkk bakımsız her yer çöp ve cam kırığı.",Park ve Yeşil Alan
Cocuk parkının yanında sorun var; atık konteyneri yanlış yere konmuş kapımızı kapatıyor.,Çöp ve Temizlik
"allah aşkına, Alt geçidin oraya sorun var; sokak çeşmesi boşuna akıyor su israf oluyor.",Su ve Kanalizasyon
"Bıktık artık, Ana cadde uzerinde sorun var; bordür taşları çıkmışşş ayağımız takılıyor.",Yol ve Kaldırım
Yahu köşedeki bakkalin önünde çpler birikti leş gibi kokuyor. Artık bir şey yapın!,Çöp ve Temizlik
"su borusu patlamış cadde sular altında, çocuklar etkileniyor. Ne zaman çözeceksiniz?",Su ve Kanalizasyon
"Valla bıktık, Okulun yanındaki sokakta sorun var; inşaatt molozunu yola dökmüşler kaldıran yok",Çöp ve Temizlik
Park lambaları yanmıyor akşam kullanılmıyor,Park ve Yeşil Alan
Yahu spor aletleri bozulmuş kimse tamir etmiyor. Konunun takip edilmesini istiyoruz.,Park ve Yeşil Alan
Metro çıkışında sorun var; yağmur suyu giderleri çöple dolmuş.,Su ve Kanalizasyon
"BAKIN, SANAYI ATIKLARI DEREYE BOŞALTILIYOR.",Gürültü ve Çevre Kirliliği
Bizim mahallede sorun var; tuvalet geri tepiyor kanalizasyon dolu,Su ve Kanalizasyon
"Pes yani, kaldırım o kadar dar ki arabayla geçilmiyor, vergimizi ödüyoruz ama hizmet yok.",Yol ve Kaldırım
Çöp kamyonu akşamları mahalleye uğramıyor. Ne zaman çözeceksiniz?,Çöp ve Temizlik
"TUVALET GERI TEPIYOR KANALIZASYON DOLU, DEFALARCA ARADIK SONUÇ YOK. GEREĞININ YAPILMASINI RICA EDERIM.",Su ve Kanalizasyon
"allah aşkına, ağaçlar budanmamış dallar sarkıyor. Bu kadarına da pes!",Park ve Yeşil Alan
Okulun yanındaki sokakta sorun var; musluktan bulanık su geliyor kötü kokuyor,Su ve Kanalizasyon
Çöp konteynerleri ağzına kadarrr dolmuş taşıyor,Çöp ve Temizlik
"parkın çeşmesinden su akmıyor, vergimizi ödüyoruz ama hizmet yok. İlgili birime iletilmesini rica ederim.",Park ve Yeşil Alan
ÇÖP KONTEYNERLERI AĞZINA KADAR DOLMUŞ TAŞIYOR.,Çöp ve Temizlik
parkın çeşmesinden su akmıyor. İlgili birime iletilmesini rica ederim,Park ve Yeşil Alan
"Pes yani, Pazar yerinin orada sorun var; egzoz ve tozdan pencere açamıyoruz.",Gürültü ve Çevre Kirliliği
"Yeter ama, otobüs seferleri akşam çok seyrek",Toplu Ulaşım
sokağımızda kaldırım taşları sökülmüş yürünmüyor,Yol ve Kaldırım
"Of ya, Sokağımızda sorun var; yol çalışması yarım kalmış günlerdir öylee duruyor",Yol ve Kaldırım
"Sokağın tamamı kapkaranlık bir tane lamba yanmıyor, ayrıca metro çıkışında aydınlatma olmadığı için tekin değil",Sokak Aydınlatması
"allah aşkına, sokak çeşmesi boşuna akıyor su israf oluyor. Çözülmesini bekliyoruz",Su ve Kanalizasyon
"Ya artık yeter, su uzun süredir kesik haber bile vermiyorlar. Bu kadarına da pes!",Su ve Kanalizasyon
"Ana cadde uzerindeee koca bir çöp yığını var, vergimizi ödüyoruz ama hizmet yok. Bu kadarına da pes!",Çöp ve Temizlik
"lamba yanıp sönüyor sinir bozuyor, ayrıca apartmanın önünde sokak lambaları sabahtan akşama yanmıyor.",Sokak Aydınlatması
"of ya, durakta tabela yok hangi hat geçer belli değil. Bir an önce ilgilenilsin.",Toplu Ulaşım
"Of ya, site girişinde koca bir çöp yığını var, ayrıca duragin yanında fareler türedi çünkü çöpler ortada.",Çöp ve Temizlik
"Of ya, atık konteyneri yanlış yere konmuş kapımızı kapatıyor, sağlığımız tehlikede. Bir an önce ilgilenilsin.",Çöp ve Temizlik
"Caminin arka sokağında yol çökmüş araçlar zarar görüyor, sağlığımız tehlikede. Yardımcı olursanız çok seviniriz",Yol ve Kaldırım
"Durakta tabela yok hangi hat geçer belli değil, rezil olduk. Gereğinin yapılmasını rica ederim.",Toplu Ulaşım
Engelli rampasııı yok tekerlekli sandalye geçemiyor.,Yol ve Kaldırım
"Yeter ama, elektrik direği yana yatmış ışık da yok, ayrıca direktei lamba arızalı gece çok tehlikeli.",Sokak Aydınlatması
"Bakın, oyun grubunun zemini bozuk çocuklar düşüyor.",Park ve Yeşil Alan
"of ya, açık alanda atık yakılıyor koku dayanılmaz.",Gürültü ve Çevre Kirliliği
Yahu elektrik direği yana yatmış ışık da yok.,Sokak Aydınlatması
"Yeter ama, durakta tabela yok hangi hat geçer belli değil. Bir an önce ilgilenilsin",Toplu Ulaşım
Durakta tabela yok hangi hat geçerrr belli değil.,Toplu Ulaşım
"Bıktık artık, köpekler çöpü dağıtıyor sabah berbat oluyor, ayrıca çöp konteynerleri ağzına kadar dolmuş taşıyor.",Çöp ve Temizlik
"Allah askina, citler kirik park sokaga acilmis tehlikeli.",Park ve Yeşil Alan
Yağmur suyu giderleri çöple dolmuş. Vergimizi ne için veriyoruz?,Su ve Kanalizasyon
barınağa götürülecek hayvanlar sokakta kalmış. İlgili birime iletilmesini rica ederim.,Başıboş Hayvanlar
"Ya artık yeter, park gece içki içenlerin mekanı oldu",Park ve Yeşil Alan
Alt geçidin oraya çöpler birikti leş gibi kokuyor. Yardımcı olursanız çok seviniriz.,Çöp ve Temizlik
metro cikisinda sorun var; ust gecidin merdivenleri kirik tehlikeli.,Yol ve Kaldırım
rezalet. bordür taşları çıkmış ayağımız takılıyor.,Yol ve Kaldırım
"Pes yani, kaydırak kırılmış paslı çocuk yaralanır. Artık bir şey yapın",Park ve Yeşil Alan
Cocuk parkının yanında sorun var; evimizin tam önünde yol çökmüş araçlar zarar görüyor.,Yol ve Kaldırım
engelli rampasii yok tekerlekli sandalye gecemiyor.,Yol ve Kaldırım
yeni direklere ışık takılmamış. Gereğinin yapılasını rica ederim.,Sokak Aydınlatması
atık konteyneri yanlış yere konmuş kapımızı kapatıyor. İlginizi rica ediyorum.,Çöp ve Temizlik
"bıktık artık, apartmanın önünde sokak lambaları bir aydır yanmıyor, kimse ilgilenmiyor. Konunun takip edilmesini istiyoruz.",Sokak Aydınlatması
Hayvanlar trafikte tehlike yaratıyor.,Başıboş Hayvanlar
"allah aşkına, minibüsler tıka basa dolu binilmiyor.",Toplu Ulaşım
"Allah aşkına, Duragin yanında sorun var; geceleri havlamalar aylardır uyutmuyor.",Başıboş Hayvanlar
"Bakın, duraktaki bank ve durak kapalısıı kırık.",Toplu Ulaşım
Fabrika bacasından duman havayı kirletiyor.,Gürültü ve Çevre Kirliliği
"Valla bıktık, Duragin yanında sorun var; kart dolum noktası akşamları çalışmıyor.",Toplu Ulaşım
"Bakın, cocuk parkının yanında mazgal kapağı yok açık duruyor. İlgili ekip gönderilsin lütfen.",Yol ve Kaldırım
suru halinde kopekler cocuklara havliyor. Gereginin yapilmasini rica ederim.,Başıboş Hayvanlar
"Valla bıktık, her yağmurda evi su basıyor gider tıkalı",Su ve Kanalizasyon
"Ya artık yeter, durakta tabela yok hangi hat geçer belli değil, böyle olmaz ki. İlgili ekip gönderilsin lütfen.",Toplu Ulaşım
Kaldırıma park ediyorlar yaya yürüyemiyor. İlginizi rica ediyorum.,Yol ve Kaldırım
Duragin yanında sorun var; çöpler uzun süredir toplanmıyor,Çöp ve Temizlik
LAĞIM KOKUSU BIR AYDIR EVE DOLUYOR.,Su ve Kanalizasyon
"Bıktık artık, ara sokakta yeni mahalleye ulaşım yok",Toplu Ulaşım
yahu minibüsler tıka basa dolu binilmiyor. Ne zaman çözeceksiniz?,Toplu Ulaşım
"bakın, ağalar budanmamış dallar sarkıyor. Vergimizi ne için veriyoruz?",Park ve Yeşil Alan
"şoför durakta durmadan geçti, kimse ilgilenmiyor. Şimdiden teşekkürler.",Toplu Ulaşım
ara sokakta sorun var; kaydırak kırılmış paslı çocuk yaralanır.,Park ve Yeşil Alan
"Valla bıktık, park lambaları yanmıyor akşam kullanılmıyor, ayrıca yeşil alan bir aydırrr sulanmıyor çimler kurudu.",Park ve Yeşil Alan
YAHU BIZIM MAHALLEDE BAŞIBOŞ KÖPEKLER AYLARDIR KORKU SAÇIYOR,Başıboş Hayvanlar
"Pazardan sonra ortalık çöplük oluyor temizleyen yok, çocuklar etkileniyor. İlginizi rica ediyorum.",Çöp ve Temizlik
atık konteyneri yanlış yere konmuş kapımızı kapatıyor.,Çöp ve Temizlik
"Rögar tıkanmış yağmur suyu çekilmiyor, ayrıca su akşamlarııı kesik haber bile vermiyorlar.",Su ve Kanalizasyon
Yahu üst geçidin merdivenleri kırık tehlikeli. İlgili ekip gönderilsin lütfen,Yol ve Kaldırım
Gece hattı yok eve dönemiyoruz. İlgili ekip gönderilsin lütfen.,Toplu Ulaşım
yeni direkleree ışık takılmamış. Şimdiden teşekkürler.,Sokak Aydınlatması
Ana caddenin yarısı karanlık yürümek korkutucu.,Sokak Aydınlatması
"valla biktik, yagmurda yol gole donuyor su birikiyor.",Yol ve Kaldırım
"valla bıktık, Köşedeki bakkalin önünde sorun var; okul servisi gibi otobüs sabah hep dolu geliyor",Toplu Ulaşım
Yahu park aydınlatması bozuk çocuklar ynayamıyor.,Sokak Aydınlatması
Yağmurda yol göle dönüyor su birikiyor.,Yol ve Kaldırım
Okul servisi gibi otobüs sabah hep dolu geliyor,Toplu Ulaşım
"Valla bıktık, ağaçlar budanmamışş dallar sarkıyor, ayrıca ağaçlar budanmamış dallar sarkıyor",Park ve Yeşil Alan
"Of ya, Ana cadde uzerinde sorun var; akşam olunca her yer zifiri karanlık.",Sokak Aydınlatması
rezalet. Sokağımızda sorun var; çitler kırık park sokağa açılmış tehlikeli.,Park ve Yeşil Alan
Sokağımızda köpekler peşimize takılıyor korkuyoruz,Başıboş Hayvanlar
"Allah aşkına, kart dolum noktası akşamları çalışmıyor.",Toplu Ulaşım
yahu sokağımızda kaldırım taşları sökülmüş yürünmüyor.,Yol ve Kaldırım
mahallemizde kanalizasyon taşmış pis su akıyor. İlgili birime iletilmesini rica ederim.,Su ve Kanalizasyon
"Yeter ama, karanlıkta gencler toplanıyor güvensiz",Sokak Aydınlatması
"Allah aşkına, su borusu patlamış cadde sular altında.",Su ve Kanalizasyon
Cocuk parkının yanında başıboş köpekler sürekli korku saçıyor,Başıboş Hayvanlar
kaldırım o kadar dar ki arabayla geçilmiyor. Gereğinin yapılmasını rica ederim.,Yol ve Kaldırım
caddemizde mazgal kapağı yok açık duruyor.,Yol ve Kaldırım
Köpekler parkı kirletiyor temizlenmiyor.,Park ve Yeşil Alan
"Pazar yerinin orada gece motorlari gaza basip duruyor, ayrica mahallemizde insaat aylardir gece gec saate kadar calisiyor",Gürültü ve Çevre Kirliliği
caminin arka sokağında çöpler birikti leş gibi kokuyor.,Çöp ve Temizlik
"Yahu spor aletleri bozulmuş kimse tamir etmiyor, kimse ilgilenmiyor. İlgili ekip gönderilsin lütfen.",Park ve Yeşil Alan
"Valla bıktık, Mahallemizde sorun var; köpekler çöpü dağıtıyor sabah berbat oluyor.",Çöp ve Temizlik
"Halı saha geç saatte bile bağırış çağırış, ayrıca yandaki işyeri kaç kere söyledik yine sonuna kadar müzik açıyor.",Gürültü ve Çevre Kirliliği
Metro çıkışında gece motorları gaza basıp duruyor. Bu kadarına da pes!,Gürültü ve Çevre Kirliliği
"Barınağa götürülecek hayvanlr sokakta kalmış, ayrıca köpekler çöpü dağıtıyor ortalık kirleniyor.",Başıboş Hayvanlar
"geri dönüşüm kutuları aylardır boşaltılmıyor, defalarca aradık sonuç yok. Yardımcı olursanız çok seviniriz.",Çöp ve Temizlik
Bizim mahallede sorun var; kanalizasyon kapağı çökmüş çukur olmuş.,Su ve Kanalizasyon
"Çöpler kaç kere söyledik yine toplanmıyor, rezil olduk. Gereğinin yapılmasını rica ederim.",Çöp ve Temizlik
"Allah aşkına, köpekler çöpü dağıtıyorrr sabah berbat oluyor. Acil çözün şunu!",Çöp ve Temizlik
"OKULUN YANINDAKII SOKAKTA INŞAAT UZUN SÜREDIR GECE GEÇ SAATE KADAR ÇALIŞIYOR, DEFALARCA ARADIK SONUÇ YOK. GEREĞININ YAPILMASINI RICA EDERIM.",Gürültü ve Çevre Kirliliği
"valla bıktık, çöp yakıyorlar mahalle dumana boğuldu. Konunun takip edilmesini istiyoruz",Gürültü ve Çevre Kirliliği
durakta ışık yok gece bekleyemiyoruz.,Sokak Aydınlatması
"Rezalet. duragin yanında parka tuvalet yok çok lazım, ayrıca apartmanın önünde parka tuvalet yok çok lazım",Park ve Yeşil Alan
"Konteyner kirilmis copler etrafa saciliyor, kimse umursamiyor. Gereginin yapilmasini rica ederim.",Çöp ve Temizlik
kaldırıma park ediyorlar yaya yürüyemiyor.,Yol ve Kaldırım
Cocuk parkının yanında sorun var; egzoz ve tozdann pencere açamıyoruz.,Gürültü ve Çevre Kirliliği
"Bıktık artık, düğün salonu her hafta sesi sonuna kadar açıyor. Bir an önce ilgilenilsin.",Gürültü ve Çevre Kirliliği
yağmurda yol göleee dönüyor su birikiyor. İlginizi rica ediyorum.,Yol ve Kaldırım
"Açık alanda atık yakılıyor koku dayanılmaz, ayrıca çöp yakıyorlar mahalle dumana boğuldu.",Gürültü ve Çevre Kirliliği
halı saha geç saatte bile bağırış çağırış. Yardımcı olursanız çok seviniriz.,Gürültü ve Çevre Kirliliği
Kaldırım o kadar dar ki arabayla geçilmiyor. Gereğinin yapılmasını rica ederim.,Yol ve Kaldırım
"YA ARTIK YETER, EVIMIZIN TAM ÖNÜNDE AYDINLATMA OLMADIĞI IÇIN TEKIN DEĞIL, ÇOCUKLAR ETKILENIYOR.",Sokak Aydınlatması
"Yahu otobüsler kaç kere söyledik yine saatinde gelmiyor, kimse umursamıyor. İlgili ekip gönderilsin lütfen.",Toplu Ulaşım
"yahu ağaçlar budanmamış dallar sarkıyor, ayrıca okulun yanındaki sokakta parka tuvalet yok çok lazım.",Park ve Yeşil Alan
Geri dönüşüm kutuları aylardır boşaltılmıyor,Çöp ve Temizlik
"of ya, bir hayvan kapana sıkışmış kurtaran lazım, ayrıca sokak hayvanları aç bakann yok.",Başıboş Hayvanlar
Metro çıkışında sorun var; otobüs seferleri akşam çok seyrek,Toplu Ulaşım
"Yeter ama, Alt geçidin oraya sorun var; atık konteyneri yanlış yere konmuş kapımızı kapatıyor.",Çöp ve Temizlik
SITE GIRIŞINDE INŞAAT HER GÜN GECEE GEÇ SAATE KADAR ÇALIŞIYOR.,Gürültü ve Çevre Kirliliği
"Ya artık yeter, konteyner kırılmış çöpler etrafaa saçılıyor.",Çöp ve Temizlik
"Fabrika bacasindan duman havayi kirletiyor, kimse ilgilenmiyor. Bu kadarina da pes!",Gürültü ve Çevre Kirliliği
"Valla bıktık, çocuk parkındaki salıncaklar kırık tehlikeli. İlgili ekip gönderilsin lütfen.",Park ve Yeşil Alan
"Bıktık artık, çöp yakıyorlar mahalle dumana boğuldu.",Gürültü ve Çevre Kirliliği
"Pes yani, Site girişinde sorun var; asfalt aylardır bozuk araba alttan vuruyor.",Yol ve Kaldırım
"yeter ama, su borusu patlamış cadde sular altında, ayrıca musluktan bulanıkk su geliyor kötü kokuyor.",Su ve Kanalizasyon
"Minibüsler tıka basa dolu binilmiyor, ayrıca minibüsler tıka basa dolu binilmiyor",Toplu Ulaşım
"Rezalet. köpekler çöpü dağıtıyor ortalık kirleniyor, her gün aynı dert. Ne zaman çözeceksiniz?",Başıboş Hayvanlar
"ALLAH AŞKINA, KÖŞEDEKI BAKKALIN ÖNÜNDE KANALIZASYON TAŞMIŞ PIS SU AKIYOR. İLGILI EKIP GÖNDERILSIN LÜTFEN.",Su ve Kanalizasyon
"Duragin yanında kedilere mama su konmuyor, kimse umursamıyor. İlgili ekip gönderilsin lütfen.",Başıboş Hayvanlar
"VALLA BIKTIK, BIR HAYVAN KAPANA SIKIŞMIŞ KURTARAN LAZIM",Başıboş Hayvanlar
Rezalet. duraktaki bank ve durak kapalısı kırık.,Toplu Ulaşım
"Bakın, direkteki lamba arızalı gece çok tehlikeli. Artık bir şey yapın!",Sokak Aydınlatması
"yeter ama, üst geçidn merdivenleri kırık tehlikeli.",Yol ve Kaldırım
YOL CALISMASI YARIM KALMIS BIR AYDIR OYLE DURUYOR.,Yol ve Kaldırım
su haftalardır kesik haber bile vermiyorlar. İlgili birime iletilmesini rica ederim.,Su ve Kanalizasyon
"Kaydırak kırılmış paslı çocuk yaralanır, kimse ilgilenmiyor. Gereğinin yapılmasını rica ederim.",Park ve Yeşil Alan
"kamyonlar surekli cadde ortasinda calisir halde bekliyor, ayrica acik alanda atik yakiliyor koku dayanilmaz.",Gürültü ve Çevre Kirliliği
köpekler parkı kirletiyorrr temizlenmiyor.,Park ve Yeşil Alan
"Pes yani, ağaçlar budanmamış dallar sarkıyor.",Park ve Yeşil Alan
"Pes yani, okulun yanındaki sokakta sokak lambaları sabahtan akşama yanmıyor, rezil olduk. Acil çözün şunu",Sokak Aydınlatması
Gece hatti yok eve donemiyoruz,Toplu Ulaşım
"ya artık yeter, bodrumu lağım suyu bastı.",Su ve Kanalizasyon
"Bodrumu lağım suyu bastı, ayrıcaaa rögar tıkanmış yağmur suyu çekilmiyor.",Su ve Kanalizasyon
Çitler kırık park sokağa açılmış tehlikeli. Artık bir şey yapın!,Park ve Yeşil Alan
Rezalet. Ara sokakta sorun var; su borusu patlamış cadde sular altında.,Su ve Kanalizasyon
"yeter ama, Pazar yerinin orada sorun var; yaralı bir hayvan var ilgilenen yok.",Başıboş Hayvanlar
OKULUN YANINDAKI SOKAKTA KÖPEKLER PEŞIMIZE TAKILIYOR KORKUYORUZ. ŞIMDIDEN TEŞEKKÜRLER,Başıboş Hayvanlar
"Kanalizasyon kapağı çökmüş çukur olmuş, ayrıca yağmur suyu giderleri çöple dolmuş.",Su ve Kanalizasyon
yahu durakta tabela yok hangi hat geçer belli değil. Çözülmesini bekliyoruz.,Toplu Ulaşım
"Site girişinde çöpler birikti leş gibi kokuyor, kimse umursamıyor. Şimdiden teşekkürler",Çöp ve Temizlik
"ya artık yeter, gece hattı yok eve dönemiyoruz, defalarca aradık sonuç yok. Vergimizi ne için veriyoruz?",Toplu Ulaşım
"Durakta ışık yok gece bekleyemiyoruz, ayrıca okul yolunda ışık yok çocuklar korkuyor",Sokak Aydınlatması
"Geceleri havlamalar haftalardır uyutmuyor, sağlığımız tehlikede.",Başıboş Hayvanlar
alt geçidin oraya sorun var; çocuk parkındaki slıncaklar kırık tehlikeli.,Park ve Yeşil Alan
"allah askina, park bakimsiz her yer cop ve cam kirigi.",Park ve Yeşil Alan
Barınağa götürülecek hayvanlar sokaktaa kalmış,Başıboş Hayvanlar
"Yeter ama, moloz ve atıklar gnlerdir kaldırımda duruyor. Vergimizi ne için veriyoruz?",Çöp ve Temizlik
"Of ya, durakta tabela yok hangi hat geçer belli değil. Artık bir şey yapın!",Toplu Ulaşım
"Köşedeki bakkalin önünde köpekler peşimize takılıyor korkuyoruz, kimse ilgilenmiyor. Acil çözün şunu!",Başıboş Hayvanlar
"Yeter ama, sürü halinde köpekler çocuklaraa havlıyor. Bir an önce ilgilenilsin.",Başıboş Hayvanlar
"Yeter ama, kanalizasyon kapağı çökmüş çukur olmuş.",Su ve Kanalizasyon
Yahu açık alanda atık yakılıyor koku dayanılmaz. Bu kadarına da pes,Gürültü ve Çevre Kirliliği
Duragin yanında sorun var; direkteki lamba arızalı gece çok tehlikeli.,Sokak Aydınlatması
"Pes yani, açık alanda atık yakılıyor koku dayanılmaz, her gün aynı dert. Bu kadarına da pes!",Gürültü ve Çevre Kirliliği
"Yeter ama, geri donusum kutulari aylardir bosaltilmiyor. Ilgili ekip gonderilsin lutfen.",Çöp ve Temizlik
Alt geçidin oraya sorun var; apartmanın önünde lamba patlamış aylardır değişen yok.,Sokak Aydınlatması
"Allah askina, atik konteyneri yanlis yere konmus kapimizi kapatiyor. Acil cozun sunu!",Çöp ve Temizlik
bizim mahallede sorun var; pazardan sonra ortalık çöplük oluyor temizleyen yok.,Çöp ve Temizlik
"Metro çıkışında köpekler peşimize takılıyor korkuyoruz, ayrıca aşısız hayvanlar dolaşıyor tehlikeli.",Başıboş Hayvanlar
"Bakin, sokagimizda gece motorlari gaza basip duruyor. Ilgili ekip gonderilsin lutfen.",Gürültü ve Çevre Kirliliği
"Çöp yakıyorlar mahalle dumana boğuldu, vergimizi ödüyoruz ama hizmet yok. İlgili ekip gönderilsin lütfen.",Gürültü ve Çevre Kirliliği
duragin yanında sorun var; yeşil alan her gün sulanmıyor çimler kurudu,Park ve Yeşil Alan
Ana cadde uzerinde sorun var; akşam olunca her yer zifii karanlık.,Sokak Aydınlatması
ara sokakta durağa otobüs hiç uğramıyor. Vergimizi ne içn veriyoruz?,Toplu Ulaşım
"Pes yani, Caminin arka sokağında sorun var; çitler kırık park sokağa açılmış tehlikeli.",Park ve Yeşil Alan
"Pes yani, okulun yanındaki sokakta parka tuvalet yok çok lazım.",Park ve Yeşil Alan
"Duraktaki bank ve durak kapalisi kirik, cocuklar etkileniyor. Vergimizi ne icin veriyoruz?",Toplu Ulaşım
KÖŞEDEKI BAKKALIN ÖNÜNDE KÖPEKLER PEŞIMIZE TAKLIYOR KORKUYORUZ.,Başıboş Hayvanlar
"Ya artık yeter, aşısız hayvanlar dolaşıyor tehlikeli, ayrıca ölü bir hayvan var günlerdir kaldıran yok.",Başıboş Hayvanlar
Yaralı bir hayvan var ilgilenen yok. Acil çözün şunu!,Başıboş Hayvanlar
duragin yanında yeşil alana izinsiz inşaat var.,Park ve Yeşil Alan
"Valla bıktık, Sokağımızda sorun var; kafelerin masaları geceleri çok gürültülü.",Gürültü ve Çevre Kirliliği
"pes yani, kanalizasyon kapağı çökmüş çukur olmuş.",Su ve Kanalizasyon
Yahu Site girişinde sorun var; okul yolunda ışık yok çocuklar korkuyor,Sokak Aydınlatması
Ana cadde uzerinde kedilere mama su konmuyor,Başıboş Hayvanlar
"bakın, Ara sokakta sorun var; sefer saatleri tutmuyor saatlerce bekliyoruz.",Toplu Ulaşım
"Of ya, geceleri havlamalar uzun süredir uyutmuyor. Vergimizi ne için veriyoruz?",Başıboş Hayvanlar
"yahu atık konteyneri yanlış yere konmuş kapımızı kapatıyor, ayrıca okulun yanındaki sokakta çöpler biriki leş gibi kokuyor.",Çöp ve Temizlik
gece hattı yok eve dönemiyoruz. Gereğinin yapılmasını rica ederim.,Toplu Ulaşım
"OF YA, CADDEMIZDE KOCA BIR ÇÖP YIĞINI VAR, KIMSE ILGILENMIYOR. BU KADARINA DA PES",Çöp ve Temizlik
konteyner kırılmış çöpler etrafa saçılıyor. Gereğinin yapılmasını rica ederim.,Çöp ve Temizlik
"kafelerin masaları geceleri çok gürültülü, ayrıca atölye kaç kere söyledik yine makine sesinden uyutmuyor.",Gürültü ve Çevre Kirliliği
Cocuk parkının yanında yeşil alana izinsiz inşaat var.,Park ve Yeşil Alan
"bıktık artık, yaya geçidi silinmiş hiç görünmüyor, ayrıca yolun ortasında koca bir çukur açıldı.",Yol ve Kaldırım
"Of ya, yandaki işyeri aylardır sonuna kadar müzik açıyor.",Gürültü ve Çevre Kirliliği
"Yeter ama, Metro çıkışında sorun var; su uzun süredir kesik haber bilee vermiyorlar",Su ve Kanalizasyon
"Kaldırım karanlık düşüp yaralandık, ayrıca köşedeki bakkalin önünde aydınlatma olmadığı için tekin değil.",Sokak Aydınlatması
"Valla bıktık, egzoz ve tozdan pencere açamıyoruz.",Gürültü ve Çevre Kirliliği
sokak aylardırrr süpürülmüyor her yer kir.,Çöp ve Temizlik
"Allah aşkına, durakta tabela yok hangi hat geçer belliii değil.",Toplu Ulaşım
"Of ya, Site girişinde sorun var; ana caddenin yarısı karanlık yürümek korkutucu.",Sokak Aydınlatması
"Yeter ama, gece hattı yok eve dönemiyoruz.",Toplu Ulaşım
"Yeter ama, Cocuk parkinin yaninda sorun var; mahallemizde kanalizasyon tasmis pis su akiyor.",Su ve Kanalizasyon
"of ya, Metro çıkışında sorun var; oyunn grubunun zemini bozuk çocuklar düşüyor",Park ve Yeşil Alan
duragin yanında gece motorları gaza basıp duruyor. İlgili birime iletilmesini rica ederim.,Gürültü ve Çevre Kirliliği
kar yağınca yollar tuzlanmadı buz tuttu. İlgili birime iletilmesini rica ederim.,Yol ve Kaldırım
"Valla bıktık, Pazar yerinin orada sorun var; akşam olunca her yer zifiri karanlık.",Sokak Aydınlatması
"Ya artık yeter, elektrik direği yana yatmış ışık da yok. Acil çözün şunu!",Sokak Aydınlatması
"Okul yolunda ışık yok çocuklarrr korkuyor, sağlığımız tehlikede. Gereğinin yapılmasını rica ederim.",Sokak Aydınlatması
cocuk parkının yanında aldırım taşları sökülmüş yürünmüyor.,Yol ve Kaldırım
"of ya, Sokağımızda sorun var; moloz dökülen alan toz ve koku saçıyor.",Gürültü ve Çevre Kirliliği
"Kafelerin masaları geceleri çok gürültülü, ayrıca halı saha geç saatte bile bağırış çağırış.",Gürültü ve Çevre Kirliliği
Rezalet. karanlıkta gencler toplanıyor güvensiz,Sokak Aydınlatması
"ana cadde uzerinde kaldırım taşları sökülmüş yürünmüyor, kimse umursamıyor. Ne zaman çözeceksiniz?",Yol ve Kaldırım
Düğün salonu her gün sesi sonuna kadar açıyor. İlgili birime iletilmesini rica ederim.,Gürültü ve Çevre Kirliliği
"Biktik artik, cocuk parkinin yaninda fareler turedi cunku copler ortada, vergimizi oduyoruz ama hizmet yok. Bu kadarina da pes!",Çöp ve Temizlik
Trafik levhası devrilmiş kimse ilgilenmiyor. Konunun takip edilmesini istiyoruz.,Yol ve Kaldırım
evimizin tam önünde yol çökmüş araçlar zarar görüyor. Yardımcı olursanız çok seviniriz.,Yol ve Kaldırım
fabrikaa bacasından duman havayı kirletiyor.,Gürültü ve Çevre Kirliliği
"Yol calismasi yarim kalmis geceleri oyle duruyor, ayrica bordur taslari cikmis ayagimiz takiliyor.",Yol ve Kaldırım
Okulun yanındaki sokakta köpekler peşimize takılıyor korkuyoruz. Artık bir şey yapın!,Başıboş Hayvanlar
"yeter ama, bizim mahalledee köpekler peşimize takılıyor korkuyoruz. Vergimizi ne için veriyoruz?",Başıboş Hayvanlar
gece hattı yok eve dönemiyoruz. Artık bir şey yapın!,Toplu Ulaşım
Durakta tabelaa yok hangi hat geçer belli değil.,Toplu Ulaşım
Aşısız hayvanlar dolaşıyor tehlikeli.,Başıboş Hayvanlar
alt geçidin oraya sorun var; yağmur suyu giderleri çöple dolmuş.,Su ve Kanalizasyon
Caminin arka sokağında sorun var; bir hayvan kapana sıkışmış kurtaran lazım.,Başıboş Hayvanlar
"Bıktık artık, geri dönüşüm kutuları aylardır boşaltılmıyor, ayrıca caddemizde çöpler birikti leş gibi kokuyor",Çöp ve Temizlik
"Ya artık yeter, üst geçidin merdivenleri kırık tehlikeli. Bu kadarına da pes!",Yol ve Kaldırım
"Bakın, açık alanda atık yakılıyor koku dayanılmaz. Ne zaman çözeceksiniz?",Gürültü ve Çevre Kirliliği
"allah aşkına, okulun yanındaki sokakta yeşil alana izinsiz inşaat var, yaşanmıyor artık. Konunun takip edilmesini istiyoruz.",Park ve Yeşil Alan
Yahu parkın çeşmesinden su akmıyor.,Park ve Yeşil Alan
"valla bıktık, yol çalışması yarım kalmış uzun süredir öyle duruyor, ayrıca asfaltt kaç kere söyledik yine bozuk araba alttan vuruyor",Yol ve Kaldırım
"Of ya, sokak hayvanları aç bakan yok, rezil olduk. İlgili ekip gönderilsin lütfen.",Başıboş Hayvanlar
"ya artık yeter, mahallemizde köpekler peşimize takılıyor korkuyoruz, ayrıca kısırlaştırma yok hayvan sayısı çok arttı.",Başıboş Hayvanlar
"rezalet. ana caddenin yarısı karanlık yürümek korkutucu, ayrıca okulun yanındaki sokakta lamba patlamış aylardır değişen yok",Sokak Aydınlatması
Rezalet. Sokağımızda sorun var; şoför durakta durmadan geçti.,Toplu Ulaşım
"Kamyonlar haftalardır cadde ortasında çalışr halde bekliyor, sağlığımız tehlikede. Yardımcı olursanız çok seviniriz",Gürültü ve Çevre Kirliliği
"ölü bir hayvan var günlerdir kaldıran yok, ayrıca geceleri havlamalar aylardır uyutmuyor.",Başıboş Hayvanlar
Rezalet. Köşedeki bakkalin önünde sorunnn var; moloz dökülen alan toz ve koku saçıyor.,Gürültü ve Çevre Kirliliği
yol çalışması yarım kalmış haftalardır öyle duruyor.,Yol ve Kaldırım
"rezalet. akşam olunca her yer zifiri karanlık, yaşanmıyor artık. Acil çözün şunu!",Sokak Aydınlatması
inşaat molozunu yola dökmüşler kaldıran yok. Yardımcı olursanız çok seviniriz,Çöp ve Temizlik
"bakin, lamba yanip sonuyor sinir bozuyor.",Sokak Aydınlatması
Cocuk parkının yanında sorun var; engelli rampasııı yok tekerlekli sandalye geçemiyor.,Yol ve Kaldırım
Kart dolum noktası aylardır çalışmıyor. Bir an önce ilgilenilsin.,Toplu Ulaşım
rezalet. Pazar yerinin orada sorun var; su sayacı arızalı fatura uçtu.,Su ve Kanalizasyon
kaldırım o kadar dar ki arabayla geçilmiyor. Yardımcı olursanız çok seviniriz.,Yol ve Kaldırım
"Yeter ama, site girişinde lamba patlamış aylardır değişen yok, kimse umursamıyor. Çözülmesini bekliyoruz",Sokak Aydınlatması
Rezalet. Alt gecidin oraya sorun var; durakta isik yok gce bekleyemiyoruz.,Sokak Aydınlatması
"Bakın, yeni direklere ışık takılmamış, ayrıca elektrik direği yana yatmış ışık da yok",Sokak Aydınlatması
SU SAYACI ARIZALI FATURA UÇTU. BU KADARINA DA PES!,Su ve Kanalizasyon
"Bıktık artık, yağmurda yol göle dönüyor su birikiyor. Bir an önceee ilgilenilsin.",Yol ve Kaldırım
"Kamyonlar her gun cadde ortasinda calisir halde bekliyor, yasanmiyor artik. Acil cozun sunu!",Gürültü ve Çevre Kirliliği
"OF YA, BIZIM MAHALLEDE HURDACILAR SABAHA KARŞI GÜRÜLTÜ YAPIYOR",Gürültü ve Çevre Kirliliği
Okulun yanındaki sokakta sorun var; inşaat molozunu yola dökmüşler kaldıran yok.,Çöp ve Temizlik
"hayvanlar trafikte tehlike yaratıyor, ayrıca kısırlaştırma yok hayvan sayısı çok arttı.",Başıboş Hayvanlar
"bakın, atölye sürekli maine sesinden uyutmuyor. Bu kadarınaa da pes!",Gürültü ve Çevre Kirliliği
"Yeter ama, Pazar yerinin orada sorun var; direkteki lamba arizali gece cok tehlikeli.",Sokak Aydınlatması
"Allah aşkına, Alt geçidin oraya sorun var; yeni direklere ışık takılmamış.",Sokak Aydınlatması
Sokağımızda sorun var; sokağın tamamı kapkaranlık bir tane lamba yanmıyor.,Sokak Aydınlatması
"ya artık yeter, çöp konteynerleri ağzına kadar dolmuş taşıyor, ayrıca moloz ve atıklar her gün kaldırımda duruyor.",Çöp ve Temizlik
"Allah aşkına, yağmur suyu giderleri çöple dolmuş, ayrıca mahallemizde temiz su şebekesi sürekli arızalanıyor",Su ve Kanalizasyon
çocuk parkındaki salıncaklar kırık ehlikeli.,Park ve Yeşil Alan
"Moloz dökülen alan toz ve koku saçıyor, yaşanmıyor artık. Şimdiden teşekkürler.",Gürültü ve Çevre Kirliliği
oyun rubunun zemini bozuk çocuklar düşüyor.,Park ve Yeşil Alan
"Ya artık yeter, üst geçdin merdivenleri kırık tehlikeli, ayrıca kaldırım o kadar dar ki arabayla geçilmiyor",Yol ve Kaldırım
Yaya geçidi silinmiş hiç görünmüyor. Gereğinin yapılmasını rica ederim,Yol ve Kaldırım
"of ya, pazardan sonraaa ortalık çöplük oluyor temizleyen yok.",Çöp ve Temizlik
"Yeter ama, evimizin tam önünde mazgal kapağı yok açık duruyor, kimse ilgilenmiyor. Konunun takip edilmesini istiyoruz.",Yol ve Kaldırım
"Çöp yakıyorlar mahalle dumana boğuldu, defalarca aradık sonuç yok. Yardımcı olursanız çok seviniriz.",Gürültü ve Çevre Kirliliği
Çöpler sabahtan akşama toplanmıyor. Konunun takip edilmesini istiyoruz.,Çöp ve Temizlik
Ara sokakta kaldırım taşlarııı sökülmüş yürnmüyor. Bu kadarına da pes!,Yol ve Kaldırım
"Ya artik yeter, Apartmanin onunde sorun var; direkteki lamba arizali gece cok tehlikeli.",Sokak Aydınlatması
"Pes yani, Okulun yanındaki sokakta sorun var; park lambaları yanmıyorr akşam kullanılmıyor.",Park ve Yeşil Alan
"Allah aşkına, atölye her gün makine sesinden uyutmuyor. Vergimizi ne için veriyoruz?",Gürültü ve Çevre Kirliliği
"Allah aşkına, konteyner kırılmışş çöpler etrafa saçılıyor, ayrıca çöp kamyonu akşamları mahalleye uğramıyor.",Çöp ve Temizlik
"Kaydırak kırılmış paslı çocuk yaralanır, kimse umursamıyor. İlginizi rica ediyorum",Park ve Yeşil Alan
musluktan bulanık su geliyor kötü kokuyor. İlginizi rica ediyorum.,Su ve Kanalizasyon
Köpekler parkı kirletiyor temizlenmiyor. Artık bir şey yapın!,Park ve Yeşil Alan
"bıktık artık, okul yolunda ışık yok çocuklarr korkuyor, ayrıca akşam olunca her yer zifiri karanlık.",Sokak Aydınlatması
"Apartmanın önünde engelli rampalı otobüs gelmiyor, sağlığımız tehlikede. İlginizi rica ediyorum.",Toplu Ulaşım
"Elektrik direği yana yatmış ışık da yok, sağlığımız tehlikede. Artık bir şey yapın!",Sokak Aydınlatması
"YAHU INŞAAT MOLOZUNU YOLA DÖKMÜŞLERRR KALDIRAN YOK, KIMSE UMURSAMIYOR. ÇÖZÜLMESINI BEKLIYORUZ.",Çöp ve Temizlik
"BIKTIK ARTIK, BIZIM MAHALLEDE SORUN VAR; RÖGAR TIKANMIŞ YAĞMUR SUYU ÇEKILMIYOR.",Su ve Kanalizasyon
Sanayi atiklari dereye bosaltiliyor.,Gürültü ve Çevre Kirliliği
"YAHU KAFELERIN MASALARI GECELERI ÇOK GÜRÜLTÜLÜ, AYRICA CADDEMIZDE HURDACILAR SABAHA KARŞI GÜRÜLTÜ YAPIYOR",Gürültü ve Çevre Kirliliği
Kaldirim karanlik dusup yaralandik,Sokak Aydınlatması
"Allah aşkına, yağmurda yol göle dönüyor su birikiyor, ayrıca kaldırım o kadar dar ki arabayla geçilmiyor.",Yol ve Kaldırım
çöpler her gün toplanmıyor. Konunun takip edilmesini istiyoruz.,Çöp ve Temizlik
"valla bıktık, kart dolum noktası günlerdir çalışmıyor, ayrıca şoför durakta durmadan geçti",Toplu Ulaşım
"Valla bıktık, alt geçidin oraya kanalizasyon taşmış pis su akıyor, ayrıca bodrumu lağım suyu bastı",Su ve Kanalizasyon
"YOL ÇALIŞMASI YARIM KALMIŞ HER HAFTA ÖYLE DURUYOR, AYRICA DURAGIN YANINDA YOL ÇÖKMÜŞ ARAÇLAR ZARAR GÖRÜYOR.",Yol ve Kaldırım
"KAYDIRAK KIRILMIŞ PASLI ÇOCUK YARALANIR, AYRICA PARK BAKIMSIZ HER YER ÇÖP VE CAM KIRIĞI.",Park ve Yeşil Alan
"Park gece içki içenlerin mekanı oldu, ayrıca oyun grubunun zemini bozuk çocuklar düşüyor.",Park ve Yeşil Alan
"Ya artık yeter, ağaçlar budanmamış dallar sarkıyor.",Park ve Yeşil Alan
Durakta tabela yok hangi hat gecer belli degil,Toplu Ulaşım
musluktan bulanık su geliyor kötü kokuyor. Yardımcı olursanız çok seviniriz,Su ve Kanalizasyon
"yeter ama, Mahallemizde sorun var; caminin arka sokağında fareler türedi çünkü çöpler ortada.",Çöp ve Temizlik
"of ya, Köşedeki bakkalin önünde sorun var; musluktan bulanık su geliyor kötü kokuyor.",Su ve Kanalizasyon
Yahu akşam olunca her yer zifiri karanlık.,Sokak Aydınlatması
Duraktaki bank ve durak kapalısı kırık.,Toplu Ulaşım
"Of ya, çöpler geceleri toplanmıyor.",Çöp ve Temizlik
"allah askina, kaldirima park ediyorlar yaya yuruyemiyor",Yol ve Kaldırım
"Bakin, pazardan sonra ortalik copluk oluyor temizleyen yok, ayrica konteyner kirilmis copler etrafa saciliyor.",Çöp ve Temizlik
ana cadde uzerinde sorun var; lağım kokusu akşamları eve doluyor.,Su ve Kanalizasyon
Caddemizde kedilere mama su konmuyor. İlgili birime iletilmesini rica ederim,Başıboş Hayvanlar
Açık alanda atık yakılıyor koku dayanılmaz,Gürültü ve Çevre Kirliliği
"Pes yani, parkin cesmesinden su akmiyor. Cozulmesini bekliyoruz.",Park ve Yeşil Alan
Köşedeki bakkalin önünde sorun var; hayvanlar trafikte tehlike yaratıyor.,Başıboş Hayvanlar
"ANA CADDE UZERINDE FARELER TÜREDI ÇÜNKÜ ÇÖPLER ORTADA, ÇOCUKLAR ETKILENIYOR. IR AN ÖNCE ILGILENILSIN.",Çöp ve Temizlik
"Ya artik yeter, okul servisi gibi otobus sabah hep dolu geliyor, defalarca aradik sonuc yok. Cozulmesini bekliyoruz.",Toplu Ulaşım
sanayi atıkları dereye boşaltılıyor. Artıkkk bir şey yapın!,Gürültü ve Çevre Kirliliği
"Allah aşkına, açık alanda atık yakılıyor koku dayanılmaz, her gün aynı dert. Bir an önce ilgilenilsin",Gürültü ve Çevre Kirliliği
Aşısız hayvanlar dolaşıyor tehlikeli. Şimdiden teşekkürler.,Başıboş Hayvanlar
"ana cadde uzerinde aydınlatma olmadığı için tekin değil, ayrıca kaldırım karanlık düşüp yaralandık",Sokak Aydınlatması
Yeni direklere ışık takılmamış. Gereğinin yapılmasını rica ederim.,Sokak Aydınlatması
Yahu cocuk parkının yanında hurdacılar sabaha karşı gürültü yapıyor.,Gürültü ve Çevre Kirliliği
"Su borusu patlamis cadde sular altinda, kimse umursamiyor. Konunun takip edilmesini istiyoruz",Su ve Kanalizasyon
duraktaki bank ve durak kapalısı kırık.,Toplu Ulaşım
Duragin yanında sorun var; mahallemizde fareler tredi çünkü çöpler ortada.,Çöp ve Temizlik
Otobüs seferleri akşam çok seyrek. Yardımcı olursanız çok seviniriz.,Toplu Ulaşım
Park bakımsız her yer çöp ve cam kırığı. İlginizi rica ediyorum.,Park ve Yeşil Alan
Caminin arka sokaginda yol cokmus araclar zarar goruyor,Yol ve Kaldırım
site girişinde durağa otobüs hiç uğramıyor.,Toplu Ulaşım
Çocuk parkındaki salıncaklar kırık tehlikeli. Artık bir şey yapın!,Park ve Yeşil Alan
"Bakın, sokak hayvanları aç bakan yok, ayrıca sokak hayvanları aç bakan yok.",Başıboş Hayvanlar
"Her yağmurda evi su basıyor gider tıkalı, ayrıca bodrumu lağı suyu bastı.",Su ve Kanalizasyon
Yahu asfalt bir aydır bozuk araba alttan vuruyor. Ne zaman çözeceksiniz?,Yol ve Kaldırım
"Bakın, çöp yakıyorlar mahalle dumana boğuldu, vergimizi ödüyoruz ama hizmet yok. Bu kadarına da pes!",Gürültü ve Çevre Kirliliği
Okul önünde köpek sürüsü var veli tedirgin. Çözülmesini bekliyoruz.,Başıboş Hayvanlar
apartmanın önünde sorun var; yaralı bir hayvan var ilgilenen yok.,Başıboş Hayvanlar
ana caddenin yarısı karanlık yürümek korkutucu.,Sokak Aydınlatması
Ara sokakta durağa otobüs hiç uğramıyor. İlginizi rica ediyorum.,Toplu Ulaşım
"Lamba yanıp sönüyor sinir bozuyor, sağlığımız tehlikede. Artık bir şey yapın!",Sokak Aydınlatması
"Pes yani, metro çıkışındaaa mazgal kapağı yok açık duruyor, kimse ilgilenmiyor. Bu kadarına da pes!",Yol ve Kaldırım
Okulun yanindaki sokakta sorun var; kanalizasyon kapagi cokmus cukur olmus,Su ve Kanalizasyon
apartmanın önünde kaldırım taşları sökülmüş yürünmüyor.,Yol ve Kaldırım
otobüs seferleri akşam çok seyrek.,Toplu Ulaşım
"Ya artik yeter, ara sokakta kopekler pesimize takiliyor korkuyoruz. Bir an once ilgilenilsin.",Başıboş Hayvanlar
"valla bıktık, yandaki işyeri sürekli sonuna kadar müzik açıor, rezil olduk. Bir an önce ilgilenilsin.",Gürültü ve Çevre Kirliliği
Ara sokakta sorun var; kar yağınca yollar tuzlanmadı buz tuttu.,Yol ve Kaldırım
Evimizin tam önünde sorun var; sürü halinde köpekler çocuklara havlıyor,Başıboş Hayvanlar
"Pes yani, yaralı bir hayvan var ilgilenen yok.",Başıboş Hayvanlar
"Sanayi atıkları dereye boşaltılıyor, rezil olduk. Şimdiden teşekkürler.",Gürültü ve Çevre Kirliliği
Yahu kar yaginca yollar tuzlanmadi buz tuttu.,Yol ve Kaldırım
Mahallemizde sorun var; evimizin tam önünde engelliii rampalı otobüs gelmiyor.,Toplu Ulaşım
"Ya artık yeter, kısırlaştırma yok hayvan sayısı çok arttı, yaşanmıyor artık. Konunun takip edilmesini istiyoruz",Başıboş Hayvanlar
Çöp yakıyorlar mahalle dumana boğuldu.,Gürültü ve Çevre Kirliliği
"Yeter ama, su sayacı arızalı fatura uçtu, böyle olmaz ki. Bir an önce ilgilenilsin.",Su ve Kanalizasyon
yaralı bir hayvan var ilgilenen yok,Başıboş Hayvanlar
"Pes yani, moloz dökülen alan toz ve koku saçıyor",Gürültü ve Çevre Kirliliği
köpekler parkı kirletiyor temizlenmiyor. Ne zaman çözeceksiniz?,Park ve Yeşil Alan
"valla bıktık, akşam olunca her yer zifiri karanlık",Sokak Aydınlatması
Her yağmurda evi s basıyor gider tıkalı. Ne zaman çözeceksiniz?,Su ve Kanalizasyon
Rögar tıkanmış yağmur suyu çekilmiyor. Gereğinin yapılmasını rica ederim.,Su ve Kanalizasyon
"Bıktık artık, yeni direklere ışık takılmamış, vergimizi ödüyoruz ama hizmet yok. Çözülmesini bekliyoruz.",Sokak Aydınlatması
yandaki işyeri günlerdir sonuna kadar müzik açıyor.,Gürültü ve Çevre Kirliliği
"Yağmurda yol göle dönüyor su birikiyor, ayrıca üst geçidin merdivenleri kırık tehlikeli.",Yol ve Kaldırım
Alt geçidin oraya aydınlatma olmadığı için tekin değil.,Sokak Aydınlatması
"Yeter ama, lamba yanıp sönüyor sinir bozuyor.",Sokak Aydınlatması
"Bakın, asfalt haftalardır bozuk araba alttan vuruyor. Artık bir şey yapın!",Yol ve Kaldırım
